aas,4962,4598,785,1497
aaw,4994,1283,779,1253
aax,4938,3625,765,1498
abh,4990,2089,702,1500
ack,4919,1745,705,1349
acn,4993,1283,844,1416
adb,4827,4180,642,1481
adm,6385900,2783,769,1493
aeg,4988,3916,749,1477
aem,4905,2483,747,1373
afo,4923,4625,863,1469
afz,4989,1959,824,1497
age,4800,660,1053,1421
agg,4985,1424,849,1478
agh,4911,2320,765,1488
agj,16443987,6256,725,1495
agn,4870,2157,670,1483
agu,4893,3809,768,1497
agv,0,93,248,248
agx,2617,168,910,1000
ahe,2723,111,895,963
ahm,4996,2456,814,1483
ahr,4955,1196,766,1362
ahv,4986,3569,679,1489
aij,4871,1731,718,1476
aiq,4942,3612,725,1486
ajl,4078,226,530,1438
ajn,4847,4523,799,1491
ajz,4942,1930,744,1499
akg,4650,1389,777,1474
aks,4936,4052,774,1498
akt,4795,2397,633,1484
aln,4985,1473,776,1386
amj,4869,408,520,1450
amk,4883,2636,778,1451
anj,4940,2555,780,1476
anu,4994,4548,755,1484
aob,4979,3623,724,1498
aoz,4933,3059,691,1499
apl,4809,1625,571,1472
aqc,4976,4324,759,1497
aqi,4944,3191,740,1495
aqw,4925,2814,785,1485
are,4946,2647,614,1458
art,4980,4588,739,1486
ase,4986,4189,778,1480
asl,4965,3972,630,1495
ass,4882,2306,588,1499
asv,4999,2817,569,1476
atp,4988,902,908,1451
aul,4991,3484,733,1474
auu,4946,1307,789,1396
auy,0,96,143,143
awb,4956,3171,784,1404
awg,4736,2047,739,1415
awn,4940,2232,723,1427
axk,4814,2461,740,1446
axr,4297,247,721,1312
axz,4973,3149,776,1472
ayn,4804,1664,763,1494
ayp,4903,1544,747,1408
ayx,4982,2977,672,1493
azq,4859,5045,760,1485
baa,4963,4885,761,1490
baj,4949,3695,689,1492
bas,4941,1043,778,1411
baw,4972,2315,834,1467
bay,4914,2337,837,1443
bbl,4956,4233,845,1486
bbm,4912,151,779,1219
bbp,4731,758,1130,1468
bbx,4851,478,569,1388
bca,4921,1851,683,1481
bcf,4232,360,739,1352
bcu,4965,2283,899,1474
bdg,4498,865,965,1483
bdp,4667,531,753,1404
beo,2584,141,1405,1491
beq,4798,3194,853,1494
bfu,4821,2288,663,1409
bge,4544,612,648,1360
bgg,4983,3524,723,1492
bhg,4997,2819,683,1496
bhs,4967,4256,710,1497
bii,4735,637,735,1351
biw,4893,3838,767,1495
biy,2641,173,1060,1481
bjh,4886,3120,846,1486
bka,4533,275,548,1217
bkg,218243687,4137,745,1500
bkt,4766,1573,705,1341
blc,4904,4064,746,1463
bmb,4910,5229,769,1496
bmc,4184,710,793,1411
bmn,4981,4240,802,1496
bmq,4904,2188,667,1499
bmr,4812,1338,843,1437
bmw,4930,3539,767,1475
bnt,4981,4490,768,1475
bnu,4982,4623,654,1468
bod,4961,2633,674,1487
bof,4998,1359,645,1495
boh,4710,1523,792,1378
boo,4983,2287,657,1494
bpb,4961,2269,861,1500
bpe,3934,278,590,1487
bph,4901,2899,762,1471
bqw,4980,1226,530,1400
brb,4993,4651,823,1471
brk,4996,2865,775,1496
brs,4675,1954,655,1447
bru,4884,1367,698,1485
bsa,4976,5006,807,1493
bse,4218,644,707,1329
bsg,4959,5064,746,1492
bsm,4933,4913,734,1479
bti,4290,1166,873,1487
btj,4703,1794,798,1489
btl,4746,1482,720,1460
bto,4696,636,1014,1453
btp,4996,1601,774,1474
btt,4950,2176,754,1488
bud,4247,883,900,1500
buo,4963,4027,832,1497
bup,4925,4009,610,1492
buq,4685,869,639,1386
bux,4976,3558,704,1486
bvb,4814,2126,714,1461
bvq,4848,2394,702,1461
bvr,4957,3998,788,1491
bvu,4982,4600,726,1495
bvz,3941,166,812,1360
bwa,4982,1763,730,1387
bwl,4837,2492,731,1493
bwn,4939,2854,763,1464
bww,4976,4006,770,1491
bxb,22698179,3836,846,1499
bxd,16228966,5393,725,1479
byf,4990,4087,797,1463
byn,4947,5748,778,1471
byr,4927,2004,803,1448
byz,52500833,5074,834,1495
bzf,4992,4641,771,1490
bzk,4901,2814,698,1432
bzn,4929,3152,738,1417
caq,4795,4804,770,1491
cav,4895,704,587,1419
caw,4915,2411,835,1494
cay,4927,3179,600,1482
cbi,4935,1016,629,1430
cbn,4898,3095,840,1457
cbq,4444,328,783,1426
cck,0,91,22,22
ccq,4987,4502,749,1478
cdq,4991,2257,677,1447
cdu,4332,572,621,1432
cdx,12897370,9476,750,1479
cer,4971,4026,722,1497
cfz,4868,5097,655,1493
cga,4945,3722,685,1498
cgc,4541,1042,872,1440
cgj,4790,2148,725,1469
cgu,4997,4453,675,1496
chd,3698,558,682,1275
cho,128495559,6415,792,1495
chp,4619,841,560,1499
chu,4908,2655,699,1477
cid,4988,4887,766,1465
cie,4994,4504,802,1498
cih,4950,2810,695,1458
cjc,4544,587,897,1439
cjk,4875,5242,735,1494
cjv,4978,5228,758,1479
ckv,4999,3553,657,1483
clc,4890,4684,737,1485
clh,4820,2969,757,1475
cln,59014580,5500,718,1471
cmr,4089,767,932,1443
cms,4950,4913,655,1454
cnk,4748,1807,842,1469
cno,4979,3229,684,1493
cnq,4996,3180,699,1487
cnx,4989,5102,852,1473
coc,4988,5197,697,1495
cod,4881,3378,854,1493
coe,4976,2012,847,1498
cor,100767274,4254,746,1498
cot,4916,1643,636,1491
cpj,4683,624,485,1136
cpo,4950,4929,715,1496
cpr,4602,1113,701,1399
cpx,4938,3135,824,1494
cpy,4903,3136,729,1491
cqf,4929,2249,763,1482
cqn,4576,1932,734,1497
cqr,72220010,4173,772,1496
cqu,4992,149,745,1244
cre,4910,4095,776,1476
crj,4997,1399,809,1499
cro,4993,3418,740,1444
csa,4996,3253,751,1497
csh,4967,3603,793,1479
csq,4818,883,889,1359
ctf,4944,1753,865,1448
ctl,4953,3429,835,1483
ctm,4929,1076,820,1327
ctr,4960,5318,778,1479
cts,4933,3021,843,1448
ctw,4348,583,792,1436
cup,4985,4641,776,1464
cuq,4988,2829,780,1479
cus,4932,386,942,1224
cvt,4550,1303,691,1473
cwc,4785,772,739,1399
cwh,4886,1614,822,1467
cws,4810,2576,769,1443
cxb,4987,4651,819,1495
cxk,4862,1393,811,1488
cxp,4952,2317,755,1499
cyu,4939,3268,715,1488
czb,4954,1459,756,1468
czc,4783,2909,798,1497
czk,4995,2815,875,1488
daa,4849,2041,786,1455
dbe,4950,3545,667,1465
dbk,4907,2632,693,1441
dbp,4970,3978,756,1467
dby,4925,1879,740,1491
dcb,4773,4495,720,1463
dcd,4896,2382,664,1469
dcm,4941,4570,796,1495
dco,4967,4019,742,1486
ddj,4952,4448,685,1479
ddx,4912,3019,719,1499
deg,4814,2043,721,1491
del,4899,3786,842,1448
dep,4887,4283,731,1396
dew,4698,2063,690,1493
dfn,4844,1213,676,1441
dgs,4996,3071,732,1488
dgw,134089629,2541,743,1476
dha,36798203,4089,758,1486
dhc,4902,1180,791,1467
dhr,4108,1122,635,1490
dhx,4892,1056,977,1376
dil,4989,379,956,1423
diq,4807,2873,744,1470
diw,4851,1612,789,1497
diz,4856,4408,741,1491
dje,4941,3548,789,1454
dka,4655,2575,746,1494
dkr,4977,5304,791,1493
dks,4998,1160,670,1477
dlq,4906,4227,780,1490
dlv,4980,2420,784,1500
dlw,4933,2595,670,1482
dmu,3499,131,843,1222
dmw,4282,105,165,1078
dmx,4939,2027,898,1495
dnh,4744,2247,796,1470
dnk,4921,2298,870,1478
dns,4989,4437,765,1453
dph,4951,1859,804,1494
dpr,4819,729,941,1394
dpt,0,83,98,98
dqa,4464,2136,809,1474
dqe,4989,4772,783,1495
dqh,4852,1155,521,1452
dri,4991,4037,731,1479
dsg,4861,1059,738,1461
dsh,4901,4319,772,1487
dsu,4993,1935,742,1472
dsz,4984,2353,728,1459
dte,4902,1470,781,1395
dtp,4782,4315,736,1491
dtw,4887,572,760,1434
dud,148302967,4152,704,1494
dvi,4575,1071,840,1457
dvw,4835,1993,818,1490
dvy,4921,2366,635,1485
dwb,4914,4844,732,1475
dwv,4964,4401,752,1486
dxm,4704,1924,753,1443
dxp,4966,3395,748,1488
dxy,4993,5042,792,1496
dym,70976295,8777,751,1496
dyp,4793,906,737,1476
dyv,4932,3693,722,1443
dze,4929,4159,755,1500
dzh,4951,2785,907,1472
eab,4983,2921,716,1476
ead,4930,4345,782,1477
eae,4519,118,918,1304
ebg,4916,1010,842,1345
ebt,4911,2380,764,1492
ebv,4988,2202,798,1447
ecj,4811,2293,732,1473
ect,4826,2283,743,1459
ecy,4948,3855,767,1484
edg,4939,1816,803,1500
edl,4995,4839,722,1487
eek,4982,1682,679,1490
ees,4978,2449,820,1497
eeu,4656,1993,715,1458
efs,4996,2854,690,1469
egv,4938,3224,823,1419
ehl,4997,2148,683,1326
ehq,4996,3903,794,1473
eib,4923,1898,719,1471
eiu,4845,1322,914,1493
eiw,4152,77,796,967
eix,4881,2301,701,1446
ejd,4771,3000,757,1491
eji,4638,778,834,1391
eju,4921,2488,737,1492
eku,4993,2671,777,1481
ekv,4663,1945,649,1477
emb,4690,2040,809,1497
emf,4683,373,913,1443
ena,4986,2404,727,1407
enc,4938,984,742,1338
eno,4786,2440,754,1492
enq,4926,3306,766,1498
eoo,4869,893,812,1493
eoz,4931,2524,629,1422
epf,4511,291,774,1290
epl,39915427,4088,671,1488
epp,4447,701,713,1485
epx,4803,1787,777,1500
eqk,4700,2627,794,1498
eqm,4930,3806,843,1478
erl,4639,1050,580,1425
erp,4701,2537,669,1387
esd,4882,1201,755,1399
esf,4905,4402,700,1482
esl,4974,2227,820,1473
esy,4779,1515,752,1447
etd,1110,81,1362,1410
etk,4930,1646,790,1487
etp,4146,181,605,1453
evf,4980,2090,829,1484
evo,74793951,5676,804,1495
evw,3516,563,601,1423
evx,4557,3844,725,1499
ews,4952,2302,815,1487
ewy,4938,4886,656,1485
exc,4916,1324,729,1412
exe,4991,3640,738,1459
exf,4886,1904,840,1475
exg,4862,2622,788,1496
exk,4950,4121,807,1444
eyi,4940,4725,714,1494
eyj,106418256,1384,719,1431
eyp,4996,4819,765,1489
eyq,4985,4714,626,1487
eyz,4743,1039,713,1411
ezm,4179,553,628,1228
ezv,4937,2024,676,1470
faf,4967,4567,709,1485
fak,4772,2525,725,1391
fao,4951,2632,569,1493
fav,4819,2783,710,1467
fbb,4965,2772,659,1438
fbp,4571,502,637,1413
fdd,4953,3878,687,1486
fdh,4956,2807,785,1494
fdr,4999,3647,779,1498
feb,4922,1053,706,1458
few,4964,4343,743,1494
fey,101273096,6139,725,1500
ffc,4995,2261,760,1474
fgb,4896,1356,696,1333
fgc,4946,3464,929,1490
fgd,4840,3986,705,1467
fgk,4951,4882,901,1454
fgl,4843,3762,899,1498
fgr,4309,405,530,1380
fhj,4911,4953,683,1490
fho,4816,3278,716,1496
fix,4955,3791,689,1462
fjc,4971,1982,848,1492
fji,4839,2983,716,1454
fjq,4941,3975,698,1433
fkb,4955,3621,707,1496
fky,4990,2139,800,1495
fli,4927,3652,702,1495
fmj,4808,2953,671,1466
fns,4928,3022,718,1498
fnv,4962,5234,708,1498
fnz,4984,4818,792,1482
foa,4921,3000,868,1487
fop,4940,4620,683,1499
fou,4662,1155,641,1481
fpd,4895,1567,702,1488
fqp,4874,2547,746,1482
fqw,4978,1609,776,1453
fqz,4995,3658,737,1481
frf,4964,931,635,1357
frj,4842,630,583,1369
frr,218691857,4058,599,1438
fry,4948,2713,667,1483
fsl,4692,2837,722,1448
fsm,4979,4007,831,1500
fso,4995,1007,724,1364
fsp,4976,2492,754,1495
fta,4951,1892,784,1495
fte,4741,1750,624,1251
ftp,4934,5231,698,1496
fuf,4830,1068,518,1451
fuo,4890,4608,741,1429
fur,4962,3338,811,1496
fuv,4850,1858,846,1482
fuy,4991,1056,773,1473
fvb,4913,3990,723,1500
fvg,4987,916,606,1280
fwu,4939,2970,761,1483
fxe,82626181,7470,800,1495
fxg,4997,3499,703,1492
fyn,4832,2400,637,1442
fyo,3704,152,496,667
fyx,4939,4541,723,1498
fzk,4987,3854,740,1500
fzn,4606,4285,692,1469
gam,4987,2579,779,1478
gbb,4964,1299,711,1368
gbs,4980,3114,758,1485
gbw,4065,642,744,1421
gcc,4861,3833,632,1458
gcz,4860,822,860,1468
gdr,4915,608,682,1479
gdv,4972,2686,753,1497
geh,4944,4042,750,1475
gel,42629147,7434,792,1491
gfe,4869,699,804,1422
gfk,4974,4100,762,1496
ggi,4864,3280,705,1480
ggr,131946706,5823,779,1500
ggs,4971,2287,701,1472
ggx,4961,1784,661,1460
ghq,4980,1305,689,1497
ghr,4979,4367,765,1484
ghz,4953,2051,752,1486
gij,4957,2000,692,1475
giq,2569,128,278,314
gjf,4973,4642,670,1498
gjj,4636,412,820,1392
gjr,4977,4530,829,1471
gjy,4815,3593,667,1485
gke,4864,4191,758,1494
glq,4889,1043,834,1482
gma,4811,714,890,1466
gmq,4939,2662,781,1498
gns,4946,2323,753,1465
gnu,4990,3820,869,1493
gny,4999,2235,827,1474
gob,4874,818,956,1465
goc,6084319,7147,773,1495
goe,44951815,8710,734,1483
gog,4962,1324,659,1461
gop,4994,3783,710,1493
gor,4846,939,716,1387
gqc,4914,2710,798,1469
gqd,4779,3889,771,1487
gqy,4955,4649,694,1492
gqz,4949,1234,774,1361
gri,4888,2466,764,1453
grk,4313,1165,904,1485
grv,4965,4118,784,1481
gsa,4809,3376,789,1485
gsj,4995,3443,832,1498
gsr,4837,4525,781,1482
gta,4762,551,871,1488
gtb,4610,836,814,1456
gtc,4851,1238,800,1475
gte,4988,4047,741,1482
gto,4969,3329,847,1469
gtr,89355315,4685,701,1490
guo,4828,2873,710,1490
gvi,4886,3418,648,1493
gvj,4816,5021,769,1499
gvl,162274294,5884,791,1500
gvq,4999,3870,758,1475
gvt,4997,3146,640,1487
gwg,68690064,5567,737,1477
gwj,4920,4126,714,1490
gwp,4811,428,658,1410
gwv,4997,2792,736,1471
gxi,4967,1922,757,1417
gxm,4986,4085,749,1491
gxn,25301454,7897,829,1499
gxr,4494,1727,840,1442
gxu,4991,3612,772,1466
gxx,4099,380,870,1137
gyd,4855,1018,468,1327
gyf,4953,3681,823,1454
gys,4759,301,760,1300
gyv,4930,3324,821,1485
gze,4965,2894,719,1445
hab,4878,5118,758,1496
hac,4997,4838,708,1498
hag,4927,2383,698,1457
hav,4987,5402,899,1482
hax,4884,1626,800,1367
hbl,4991,2094,706,1473
hbm,4895,3456,654,1498
hcl,54248656,4354,761,1473
hco,20749952,6024,725,1483
hcp,4866,1349,657,1473
hcq,4881,1380,768,1443
hdi,4997,3421,727,1497
hep,4833,940,802,1449
hfb,4944,2868,723,1477
hfi,0,62,1346,1346
hfk,4976,4570,750,1489
hfw,4625,585,484,1245
hgg,4980,2501,702,1479
hgu,93442736,3375,857,1487
hhc,4983,2709,726,1496
hhf,4838,1222,667,1443
hhj,4999,4677,723,1487
hhm,4905,1581,658,1485
hif,4978,3340,696,1486
him,4208,231,955,1358
hjc,4971,2115,527,1172
hjg,4894,1175,640,1355
hjj,4825,1488,743,1439
hjm,4955,2594,793,1466
hjt,4200,146,797,1141
hkg,4981,4525,644,1463
hkq,4858,4635,680,1487
hmd,4970,2460,764,1480
hms,4999,3413,658,1500
hng,120843749,4689,732,1471
hnk,4849,4423,668,1462
hnp,2619,330,658,1207
hpi,4878,500,596,1495
hpr,4967,2510,732,1400
hqj,4986,2026,717,1475
hqr,4932,3351,806,1491
hre,28185331,4645,736,1457
hrg,4964,3584,752,1474
hrj,4947,1974,873,1473
hrm,4997,1591,762,1483
hro,1380,74,298,304
hrq,4890,4129,652,1398
hru,4838,2285,714,1483
hse,4794,324,638,1245
hsj,4844,3804,741,1480
hst,4802,2394,696,1439
htg,4988,1756,721,1405
hth,4992,696,419,1165
htm,4886,2765,657,1483
huy,4314,1350,806,1445
hvb,4958,1930,736,1450
hvh,4978,4024,694,1499
hvu,4911,2239,813,1486
hvw,4910,5051,782,1485
hwo,4989,4002,801,1495
hwu,4918,3535,749,1461
hww,4850,1003,433,1428
hyk,4849,3209,768,1488
hzy,4709,3011,800,1475
iab,4715,328,821,1296
iag,4887,847,802,1281
iai,4883,3187,742,1400
iaj,22978935,1004,784,1353
ian,4914,866,909,1407
iap,4999,3746,814,1493
iaw,4905,3695,704,1446
ibe,4950,4080,762,1498
ibh,4955,4917,763,1487
ibp,4852,3037,851,1485
ibs,4978,3314,706,1460
ibw,4934,2115,685,1460
ibz,4964,4769,727,1480
icb,4987,875,644,1482
icl,4920,3230,812,1497
idf,4997,4721,835,1484
idk,232455654,7131,785,1499
idp,4902,1722,700,1483
idv,4269,1021,664,1474
ief,4942,2803,757,1499
iep,4976,4579,773,1477
iet,4949,2199,727,1466
ifh,4968,2703,688,1466
ifk,4817,597,757,1451
ifm,4744,4489,764,1490
ifo,4735,4075,815,1480
ift,4776,1226,725,1420
ify,4897,4231,788,1500
igk,4875,1406,721,1492
ihg,4949,2069,779,1438
ihi,4884,3767,694,1477
ihu,4961,4464,735,1493
iji,4973,2782,794,1480
ijk,4955,2993,753,1497
ijl,4967,2078,746,1436
ijt,4749,141,654,1161
ikb,4983,4920,781,1483
iks,4971,4460,730,1465
iku,200965127,6849,794,1494
ikx,4995,3021,779,1483
ikz,4999,2330,745,1444
ilb,4828,3225,708,1496
ils,4679,3359,717,1451
ilw,4836,4549,763,1457
imb,4796,2715,747,1455
imv,4959,2720,754,1470
inb,4075,260,1012,1357
inh,4976,1826,831,1485
ins,4701,1945,789,1475
ioi,180681276,1190,789,1433
iow,4543,2213,748,1499
ioz,4949,4961,713,1499
ipl,4673,1357,806,1452
ipp,4781,1851,848,1487
ipr,4904,4385,772,1499
ipu,61431443,8556,709,1496
iqu,4948,4008,841,1500
irc,4934,1707,715,1484
irj,4978,4293,659,1499
irk,4837,2074,888,1494
irp,4692,883,878,1414
isd,4960,3180,835,1462
isf,4966,4521,745,1485
isu,4943,1859,628,1401
ita,4955,4085,713,1488
itd,4976,2683,770,1461
itf,4947,820,830,1420
ito,4980,4859,766,1485
iua,1977,431,490,967
iuq,4973,1125,828,1474
ivf,4799,559,542,1442
ivm,4974,1785,621,1494
ivt,4627,2053,716,1477
ivx,4990,4391,728,1486
iwo,4951,1189,667,1465
iwt,4963,2822,757,1488
iwv,4864,4574,649,1481
iyc,54619447,3144,810,1500
iyq,4977,3499,797,1492
iyt,4923,4337,690,1467
izh,4853,1987,738,1451
izm,4902,3091,773,1493
izs,4996,3199,705,1484
jah,4723,2008,544,1363
jao,2435,127,1049,1229
jas,4972,2999,734,1497
jdk,4682,321,664,1494
jdq,4977,3265,781,1431
jeb,4962,4477,719,1467
jeh,4998,4284,701,1489
jfc,4981,4204,741,1484
jff,4895,4517,814,1491
jfg,4956,2096,907,1446
jfp,58919094,3477,822,1489
jgd,4941,4998,794,1497
jhc,133552147,2706,717,1496
jik,4987,5002,710,1457
jjb,4952,4822,809,1485
jjz,4922,1883,706,1397
jkl,4692,2645,742,1495
jkw,4919,2719,718,1451
jkz,4970,3858,788,1485
jla,152411516,4222,807,1483
jlc,52,153,440,807
jln,4985,3439,683,1455
jml,4939,730,685,1500
jms,4856,3496,681,1486
jmv,4890,1953,785,1352
jnc,4580,1401,700,1429
job,4576,2353,693,1500
joe,4955,4302,691,1478
joj,1789143,8047,764,1495
jol,4953,1498,730,1498
jom,4978,2913,744,1469
jpw,4928,1111,783,1460
jpx,4609,1255,577,1363
jqa,4961,2983,744,1497
jqg,4731,3246,754,1414
jqm,3752,189,711,1427
jrd,4966,3450,828,1476
jrl,4632,473,901,1483
jrm,7832821,2425,774,1494
jrp,4940,3732,760,1498
jrt,4995,2746,790,1491
jsl,4856,2685,729,1493
jsu,4943,2519,704,1477
jtb,4919,1584,733,1469
jua,4992,4593,758,1492
juc,146451073,4680,705,1497
juu,4832,3008,646,1492
jvj,4933,2636,636,1465
jvx,4964,3037,771,1486
jwc,4938,3230,799,1494
jwk,4941,4826,722,1460
jwr,4873,2136,694,1499
jwy,4961,2818,743,1451
jxc,4050,135,979,1241
jxf,123534473,5555,784,1495
jxg,4943,4037,893,1495
jxn,4944,5286,692,1475
jxr,4225,633,552,1382
jxs,4937,269,985,1411
jye,4483,1378,783,1464
jzf,172675533,8347,764,1476
jzn,100187920,4464,727,1458
jzo,4724,3035,800,1449
jzv,4950,4121,770,1490
kab,4968,3949,765,1494
kag,4931,2117,776,1495
kai,4798,4346,677,1469
kbc,4973,3564,806,1491
kbz,4919,3089,628,1482
kcw,4973,4791,796,1500
kda,4837,2942,762,1460
kdd,4989,3145,748,1458
kdk,4985,3504,747,1461
kdl,4999,4508,759,1472
kdo,4902,2715,855,1492
kdr,4988,3307,738,1479
kdv,4953,3978,670,1406
kea,4798,1542,911,1424
kem,4947,3976,839,1497
kev,4846,2013,684,1489
kew,4948,2491,785,1497
kfl,4987,1739,882,1488
kfq,4938,1404,837,1500
kgb,4981,4663,816,1467
kgo,4936,4254,781,1482
kgu,4978,1969,753,1466
khy,4956,1133,735,1498
kij,4868,3112,784,1499
kiq,4977,1521,672,1465
kiu,4820,3919,824,1496
kjb,4990,4037,726,1475
kjy,4834,125,859,1127
kkq,4711,2204,726,1452
kks,4948,3908,767,1497
kkw,133892448,8018,759,1500
kkx,4945,2507,784,1468
klb,4979,3182,735,1473
kls,4955,3773,629,1491
klx,4990,3922,664,1498
kma,4805,1856,760,1401
kmb,103885593,6273,731,1500
kmf,4949,1381,731,1453
kmq,4882,3109,748,1487
kmv,4976,4626,749,1487
kot,4939,4356,791,1497
kqo,4559,304,574,1331
kqy,4841,1368,873,1468
krz,4933,2539,728,1486
ksf,3747,111,1075,1465
ksu,4903,4974,806,1493
ksv,4999,2914,732,1482
ktd,4945,2442,841,1406
kte,4778,635,843,1451
ktn,4888,3061,745,1459
ktv,4978,3078,642,1437
kty,4943,3490,752,1482
kug,4950,4268,738,1499
kuu,4972,2527,759,1491
kva,4839,2831,731,1463
kvf,4933,3165,706,1488
kvl,4887,2817,796,1494
kwt,4830,1731,942,1486
kwz,4806,4489,726,1495
kxf,57039264,5524,806,1490
kxp,4801,723,557,1047
kxy,4909,4215,682,1452
kya,4751,1328,915,1445
kyo,4984,3988,770,1455
kyp,4923,1966,902,1483
kyq,4981,4332,694,1474
kzn,4822,4907,751,1493
kzw,4997,3612,837,1492
lad,3670,206,269,882
lag,4977,4780,782,1490
lan,4892,4099,725,1453
lbi,4719,1330,786,1499
lbk,4903,4864,767,1500
lbo,4952,1414,821,1498
lbs,4802,3271,807,1491
lbt,4953,4476,731,1483
lbu,4881,1746,795,1489
lck,4708,3906,856,1498
lcl,4972,4517,760,1454
leb,4594,834,783,1478
lee,4534,1576,703,1474
lep,4940,1204,582,1364
lfh,4970,2460,862,1492
lfi,60959132,6312,725,1500
lfo,4664,1420,644,1347
lft,4969,2035,755,1460
lgc,4730,3193,684,1493
lgf,4969,2675,809,1450
lgj,4829,2337,744,1368
lgr,0,85,1229,1229
lgs,4898,3940,785,1480
lgx,4958,1462,716,1427
lhb,4957,2393,633,1500
lhd,4890,3485,695,1465
lhr,4902,2953,710,1459
lhu,4970,2593,763,1498
lib,4884,1849,741,1490
lis,4924,1578,750,1449
liz,4846,3016,765,1499
lje,4920,4577,794,1485
ljs,4865,2853,689,1431
ljx,4421,1203,872,1491
lkg,4993,1772,775,1491
lkj,4976,981,692,1244
lky,4148,774,527,1444
lli,4756,1222,690,1499
lmq,4993,2859,766,1398
lmz,4554,380,835,1440
lno,4857,4235,748,1499
lnz,4930,3512,775,1465
loe,4912,4326,812,1491
loh,4953,3757,701,1426
lok,4976,2840,726,1484
lon,4979,2459,788,1498
lpf,4790,1718,489,1488
lpo,4982,3553,618,1471
lpw,4800,1651,851,1455
lpy,4975,1435,679,1462
lqb,4919,2438,753,1492
lqd,4769,1133,670,1479
lrg,4739,1561,877,1495
lsy,4866,2872,817,1451
ltk,4885,2266,723,1482
ltl,4913,4545,702,1500
ltn,4788,1245,694,1445
lua,4888,1753,790,1500
lul,4999,2553,786,1475
luq,4981,4044,756,1482
luz,4976,4213,691,1491
lve,4888,5006,729,1473
lvf,4991,1501,809,1489
lvh,4999,4528,717,1500
lvm,4969,4683,757,1484
lvz,4919,2658,805,1489
lwe,4975,4495,758,1490
lwm,4999,4416,668,1491
lwq,4667,207,691,1350
lxb,4983,3451,764,1491
lxe,4943,1994,932,1455
lxp,4918,4597,712,1450
lxt,4999,3811,743,1460
lxv,4603,1146,929,1440
lxz,4972,3351,761,1453
lya,4956,2004,800,1481
lyh,4120,622,651,1242
lyi,4710,1052,703,1466
lyo,4972,2922,738,1490
lyt,4918,3027,829,1488
lzc,4901,657,714,1392
lzr,4567,2277,762,1454
maj,4988,4223,806,1487
mbh,4992,1651,662,1446
mbm,4917,1649,689,1496
mbp,4976,1558,770,1469
mby,4946,3709,645,1454
mbz,4841,1429,859,1473
mcd,4907,4367,727,1487
mcf,4954,2152,796,1445
meb,4900,2229,761,1498
meh,4998,2078,729,1464
mei,4952,1804,602,1468
mep,4838,1662,769,1384
mez,4934,1054,734,1462
mfa,4954,4808,748,1408
mfx,4981,4413,654,1488
mgc,4764,3566,741,1493
mgd,4986,4496,738,1475
mgl,4978,3843,773,1492
mgm,4992,810,890,1404
mhb,4998,4380,684,1467
mhe,4691,1363,566,1456
mhf,4855,3037,744,1498
mhi,4983,4947,768,1497
mhx,4871,3473,693,1458
mia,4904,1349,639,1294
mir,4935,3386,942,1494
miz,4949,1059,797,1496
mja,4875,2208,679,1410
mjl,4526,526,691,1301
mke,4967,2879,821,1491
mkk,19012075,4877,727,1466
mkn,4928,3950,748,1493
mkq,4930,2420,707,1472
mks,4939,2500,681,1481
mky,4992,1982,748,1437
mlq,4797,4394,809,1479
mlu,4986,4026,715,1494
mly,4951,532,733,1469
mlz,4714,3626,666,1491
mma,4925,4746,785,1498
mmb,4962,1721,740,1491
mml,4639,732,636,1222
mmm,4998,4354,687,1483
mne,4944,4947,800,1487
mnj,4742,3063,677,1489
mnu,4933,3097,777,1498
mob,4980,2462,714,1448
mop,4949,4192,697,1500
mox,4945,2077,888,1493
mpt,4916,1468,778,1461
mpw,4125,239,874,1419
mqz,4836,2644,705,1496
mra,4829,2995,788,1489
mre,4163,357,497,1281
mrl,4977,3614,670,1500
msm,4909,3740,760,1487
msu,4990,4454,717,1494
mte,4972,2453,821,1451
mtp,931,269,587,1445
mtq,63455209,3240,788,1494
mul,4796,2301,701,1493
mun,4968,2012,712,1500
mux,4750,1736,663,1429
muy,4946,3875,781,1450
muz,4976,4590,716,1483
mvc,4703,1496,792,1498
mvg,4772,3268,701,1497
mvv,4946,3210,737,1494
mwg,4976,397,627,1038
mwl,4703,2474,698,1437
mwp,4988,3289,687,1476
mxm,4903,1842,742,1477
mxo,4868,724,830,1355
mxs,4842,4224,690,1482
mxu,4989,2990,675,1476
myf,4958,2829,760,1458
mzo,4843,1476,873,1479
mzw,4988,5228,785,1493
mzz,55538659,6175,708,1494
naf,4985,4157,780,1479
naj,4999,4505,755,1479
nap,4872,4574,749,1490
nbm,4972,4190,867,1495
nbo,4735,374,775,1460
nbu,4914,1157,1055,1490
nca,4957,2164,906,1500
ncc,4871,1785,693,1370
nce,4956,3731,729,1446
ncw,4667,2724,749,1481
ndc,4944,2527,745,1454
ndi,4648,3603,754,1489
ndj,4980,4761,761,1490
ndl,4945,994,925,1465
ndu,4984,5342,848,1498
nea,4944,1228,749,1437
nel,4690,1979,830,1481
nex,4734,554,764,1228
nfh,4998,1785,792,1413
nfi,4737,2116,745,1422
nfs,4998,1735,679,1459
nfv,4960,1244,633,1475
nga,4729,1982,652,1491
ngf,4937,4821,726,1494
ngm,4869,3673,828,1498
ngx,4994,3284,817,1482
nha,4812,661,832,1390
nhy,4922,3828,790,1490
nif,4881,4481,803,1495
nim,3758,175,850,1313
njc,4972,4364,754,1473
njh,4732,947,835,1407
njv,4995,4019,750,1488
nko,74926827,5935,828,1492
nld,4938,4308,780,1491
nli,4887,2305,825,1488
nlj,4758,2207,709,1387
nlk,4988,681,892,1466
nlt,4962,4300,786,1500
nlw,4942,3838,690,1453
nlz,4917,3967,657,1477
nmk,4903,3467,778,1495
nmv,4857,4365,810,1488
nmw,4916,2085,737,1494
nns,4936,2493,747,1497
nnt,4839,2239,832,1495
nop,4575,790,742,1428
nox,4981,3720,658,1491
npy,4552,3422,853,1488
nqd,4734,654,982,1498
nqj,4846,2094,657,1459
nql,4971,3666,817,1487
nqs,3266,219,738,1433
nrv,1530,66,343,1033
nry,4280,417,458,1409
nsg,4990,2324,743,1495
nsw,4738,3181,781,1495
ntg,4988,2809,745,1491
ntu,4012,1018,761,1491
ntz,4979,4670,737,1495
nug,4819,2300,790,1368
nuo,4894,4071,762,1498
nuu,4987,1466,650,1500
nuy,4971,830,880,1466
nvj,4968,4345,793,1463
nvo,4877,3370,755,1496
nvr,4989,1924,868,1464
nwd,3919,276,1061,1421
nwe,4995,2916,825,1496
nwl,4820,436,882,1494
nxe,4963,2137,818,1475
nxk,4953,4632,901,1500
nyy,4956,1064,780,1366
nzh,4923,2694,810,1482
nzw,4913,2001,712,1492
oah,4940,2781,735,1451
oax,4987,1353,702,1473
obq,4973,4132,719,1469
obx,4960,2299,735,1474
ocr,4921,1782,728,1480
ocv,4393,737,666,1492
odl,4572,334,727,1193
odm,4976,3523,858,1489
ods,4797,2045,802,1466
odt,4809,1781,828,1455
odx,4841,2348,817,1477
oey,4841,1269,738,1447
ofa,4948,2748,734,1447
ofb,90566021,4762,732,1483
ofj,4980,3177,790,1480
ofr,4807,2647,889,1496
ogo,4861,3237,728,1403
ohf,4677,2576,786,1499
ohh,4858,2344,712,1492
ohp,3283,157,617,869
oht,4960,1924,837,1478
ohw,4907,2776,803,1488
oim,67927305,6687,809,1498
oiy,4939,4194,758,1486
oiz,4976,1035,516,1481
okb,139716112,4601,855,1471
okl,4912,948,833,1481
okv,4846,4954,761,1492
olb,5629941,2664,766,1495
old,4895,3642,671,1446
olq,4939,3594,669,1495
oma,4984,1870,766,1251
omo,4856,4680,766,1486
omq,4897,2102,744,1481
omx,4973,3443,725,1465
ona,58967668,3803,717,1496
ono,4821,1959,934,1498
onp,4967,3803,652,1456
onu,4871,1297,665,1498
ooc,4982,3411,617,1500
oom,4948,4213,782,1491
oph,4845,2036,769,1426
opm,4931,1851,639,1500
oqi,50699511,1761,854,1481
oqt,4992,1473,720,1468
orh,4975,585,737,1434
orn,4991,2306,803,1459
orz,4964,3058,705,1500
osu,4996,3926,714,1481
osv,4999,4395,671,1488
ota,4979,3237,767,1488
oth,4626,907,760,1376
ott,3281,198,785,1024
otz,4931,1509,771,1481
ovj,4865,5311,761,1496
ovn,4986,5171,748,1499
ovv,4951,4563,738,1463
ovw,4913,581,614,1493
ovz,4995,3049,871,1480
owl,4929,518,823,1411
own,4447,304,1005,1362
owq,4992,1882,674,1492
ows,4996,1134,644,1480
owv,4931,3410,672,1481
oxd,4799,4767,703,1466
oxo,4979,3041,780,1471
oyd,0,26,103,103
ozm,4841,1045,815,1465
pad,4976,3629,732,1490
pah,0,82,1001,1001
pck,4920,4962,792,1497
pcl,4933,777,791,1498
pcm,4986,2837,729,1473
pcs,4611,1329,926,1494
pde,4953,5000,683,1488
pds,4888,2396,832,1485
pei,4977,5501,797,1493
pej,4992,4268,825,1472
pes,4629,1202,690,1470
pgd,4854,3336,787,1494
pgn,4994,4382,723,1465
pgy,4989,4809,739,1477
pgz,4961,2544,639,1472
phf,4836,1277,690,1463
piq,2934,458,1116,1482
pjd,4879,3147,752,1492
pjz,3944,169,644,1292
pkf,4740,2464,806,1481
pkh,4998,2952,621,1496
pkl,4961,2508,723,1464
pkn,4956,4800,803,1492
pkq,3924,709,666,1387
pkv,4802,1612,792,1399
pla,4880,2927,791,1498
pld,4072,302,593,1308
plg,0,98,70,70
pll,4936,4462,858,1499
plv,4714,2021,700,1421
pmm,4982,3757,737,1500
pmq,4931,4025,842,1489
pmz,4874,4308,716,1453
pnf,4929,2246,880,1473
pnq,4970,4659,659,1472
pnw,4750,865,671,1485
poc,4338,530,723,1432
pos,4867,3544,767,1480
ppb,4649,1599,800,1493
ppl,4927,1537,705,1448
ppr,4969,3168,674,1467
pqd,4969,4514,758,1490
pqk,4747,1701,713,1389
pqp,4838,1055,758,1335
pqs,4807,3244,829,1468
prh,4819,3847,792,1491
prn,4905,3126,739,1476
prr,4911,5230,790,1484
prv,3028,360,962,1354
pry,4781,531,961,1435
psc,4891,2319,775,1473
psi,4420,478,863,1450
pto,4995,3029,766,1469
ptt,4879,2893,647,1492
ptu,4981,3897,814,1482
ptx,4845,1917,661,1482
ptz,4961,1911,826,1482
puk,4911,2536,812,1475
pun,4943,2540,714,1479
pur,4899,4739,692,1489
pvg,4987,3283,744,1498
pvl,4912,2309,692,1489
pvq,4943,2151,784,1481
pwr,0,2,1480,1480
pwt,4894,2303,750,1466
pww,4847,1372,625,1466
pwx,4973,2074,679,1468
pxl,4982,2803,807,1462
pyc,4985,3402,854,1495
pyd,38298517,6498,838,1493
pyi,4810,1205,586,1432
pym,4930,493,674,1171
pyn,4906,1623,782,1379
pyr,4809,1408,671,1492
pza,4771,907,724,1385
pzf,4995,1882,816,1335
pzh,4971,3309,768,1470
pzp,4905,4155,661,1430
qac,4324,206,714,932
qaf,4046,895,942,1411
qag,4522,306,865,1196
qat,11712708,1329,690,1473
qbc,4972,3474,838,1425
qbk,4978,5009,790,1458
qcj,4905,4005,656,1456
qcn,4956,2088,868,1463
qfj,4814,222,758,1194
qfr,4791,2039,742,1448
qfw,3742,833,786,1494
qgy,3027053,4717,765,1494
qhb,4977,3195,661,1453
qhc,4760,1955,789,1493
qhk,4555,996,749,1500
qhy,4969,2700,702,1463
qio,4718,1158,795,1470
qjm,4978,3526,723,1481
qjn,4756,1085,577,1481
qjt,4883,1972,558,1425
qks,4971,1426,946,1476
qkt,4977,3974,772,1498
qlu,4907,1875,1014,1466
qmc,4976,3850,764,1481
qmd,4994,2805,784,1499
qmu,4896,1931,676,1461
qmy,4867,4330,777,1497
qnb,4971,4161,711,1494
qni,4895,2145,855,1440
qnj,4915,1435,811,1426
qnm,3012,287,795,1423
qoi,4942,3605,916,1500
qor,4878,1199,815,1499
qpc,4955,3901,721,1483
qpj,4920,4255,771,1471
qqe,4987,2673,810,1495
qrg,4988,1698,701,1493
qri,27587253,4762,747,1472
qrz,4636,998,674,1480
qsa,4984,1876,737,1440
qse,4834,523,718,1326
qsn,4955,4061,776,1490
qsx,4885,2517,873,1499
qty,4842,483,779,1301
quv,4988,2243,872,1483
qvc,4946,2183,779,1489
qve,4972,1988,908,1464
qvh,4775,899,825,1473
qvn,4966,3062,599,1498
qvv,4772,886,615,1422
qwf,4858,3840,813,1499
qxd,4367,637,544,1247
qxn,4854,3555,797,1483
qxq,73635854,8750,733,1496
qxs,4590,2796,781,1493
qxu,4964,3766,656,1477
qyj,4648,582,934,1473
qyq,4955,1897,695,1373
qyv,19232995,3287,785,1494
qyw,4992,2648,744,1469
qzc,4943,910,802,1478
qzn,3678,738,828,1280
qzp,4876,3965,615,1495
qzs,4850,1331,846,1495
qzw,4895,3476,774,1500
raj,4911,2067,869,1487
rak,4834,281,934,1225
rbj,4947,3964,794,1493
rbm,4977,3852,770,1496
rbo,4658,2210,741,1443
rcj,4766,1741,669,1457
rcz,4956,4617,778,1474
rdf,27321338,1898,668,1463
rds,4954,5034,694,1484
rem,4764,3147,600,1469
rew,4915,3484,748,1491
rfk,4990,3110,876,1493
rfv,4841,1224,772,1453
rgk,4979,780,690,1212
rgm,4722,3534,746,1471
rgw,4879,1352,819,1477
rhf,95306721,2375,744,1493
rhh,4461,35,506,1141
rhk,4989,2924,757,1487
rhp,4968,4071,896,1490
rhr,4604,1192,763,1482
rhs,4903,2435,744,1500
rhw,4950,3753,686,1485
rii,4934,2019,685,1466
rix,4843,3298,709,1485
rjk,18471502,2832,769,1500
rjm,4977,4172,718,1485
rjr,4763,2850,828,1480
rkb,4721,1145,882,1474
rkc,4932,2818,796,1486
rkm,4994,4815,801,1488
rku,4976,4707,712,1467
rlp,4928,3940,777,1489
rlu,4845,4086,765,1478
rma,4965,2707,642,1488
rmg,4963,3706,772,1452
rmk,4919,241,656,1149
rmn,4908,3125,644,1497
rmr,4916,989,754,1468
rmy,46403921,6842,723,1476
rnr,23257768,5952,729,1486
rnx,4867,2928,725,1476
rny,28125641,3506,732,1458
rod,4841,3497,718,1495
roo,4900,3176,729,1456
rpe,4989,4403,836,1490
rph,4895,5354,713,1439
rpt,4977,1887,861,1479
rpz,4956,2724,818,1460
rqf,4990,656,855,1417
rqv,4891,1064,923,1453
rrc,4682,2736,761,1481
rri,4485,2545,706,1484
rrm,4564,1460,764,1480
rse,4799,744,937,1483
rsh,4944,1067,710,1438
rsm,4959,3992,728,1495
rst,4959,3777,831,1484
rtb,4364,589,724,1461
rte,4979,3329,903,1482
rtq,4997,3013,729,1481
ruq,4931,767,684,1394
rut,4883,4349,732,1499
ruw,4994,3577,637,1500
ruy,4972,789,601,1392
rvn,4974,3463,767,1453
rvz,4995,3955,744,1455
rwh,78803551,2654,731,1497
rwj,4973,1651,739,1489
rwo,5465917,912,687,1490
rww,2132,157,775,1168
rwz,4988,4207,728,1497
rxh,4810,3817,790,1488
rxk,4978,3856,747,1485
rxt,4990,4484,826,1500
rxu,4964,2757,837,1495
rxw,4776,1424,885,1450
rye,4901,1958,746,1415
rym,4962,3291,606,1479
rzf,4917,3950,745,1468
rzg,4981,2491,737,1469
rzh,4997,4093,771,1469
rzx,4926,1144,796,1428
sac,4823,1134,714,1480
sam,4921,3109,624,1457
sap,4165,941,645,1481
saz,0,93,30,30
sbc,4989,1346,721,1418
sbh,4935,4135,632,1492
sbv,4918,1026,770,1492
sbz,4466,1074,598,1152
scn,160939027,7548,715,1498
sdj,4891,4153,697,1492
sdn,4986,508,708,1372
sdt,4846,1837,913,1499
sdx,4947,2731,763,1463
sez,4885,1906,707,1406
sfh,4980,1624,707,1450
sgi,4982,3586,754,1367
sgv,4832,4471,665,1499
shj,4955,4488,868,1496
shk,4967,4564,746,1480
shm,4927,632,595,1208
shn,4907,3774,780,1467
shr,4908,1877,764,1472
siw,3262,194,700,962
skb,4728,1435,616,1472
sko,4997,4615,814,1474
skt,4974,2304,875,1466
skv,4897,4033,743,1487
sla,4975,2787,839,1484
slr,4928,2452,796,1500
sma,4898,3619,641,1497
smk,3999,522,716,1449
smt,4941,5085,774,1459
smv,4944,3019,687,1448
snh,1502,165,789,1249
sni,4967,3952,786,1487
snr,4925,4162,736,1494
snv,4905,4389,694,1496
snz,4944,1645,886,1470
sok,4888,5152,714,1485
sow,4935,3774,770,1494
sox,4346,693,760,1408
sph,4783,2299,758,1441
spn,4975,4766,793,1483
spp,7155166,5505,785,1489
sps,4924,1168,737,1373
spz,4960,4013,817,1499
sqe,3839,442,607,1443
sqn,4826,1876,741,1499
sqx,4991,3544,715,1493
srl,4413,564,986,1492
srq,4947,1217,665,1431
sso,4956,4565,666,1491
ssy,4988,2234,637,1476
stf,4398,691,957,1478
stv,4938,1295,723,1456
suc,24942282,4265,818,1499
sug,4904,3817,728,1488
suo,4878,3672,726,1500
sup,3337,180,929,1481
sus,4855,2915,702,1445
sux,4856,1225,893,1499
svf,4961,625,775,1382
svs,4958,3223,728,1490
swm,4979,3947,791,1493
swt,4979,4294,647,1459
sxs,4892,2963,689,1388
syl,4995,4734,755,1499
sys,4972,2793,751,1478
szb,4818,2741,877,1492
tad,4950,2703,809,1423
taf,4989,4362,779,1491
tbb,4885,4006,703,1500
tbn,4989,4584,684,1464
tbw,4673,1043,916,1364
tcc,4942,3876,696,1445
tcd,4974,4912,718,1498
tco,1865,328,1190,1493
tcq,4951,877,695,1462
tcr,4797,2998,841,1493
tcw,4933,2378,734,1468
tdu,4951,3804,852,1470
tee,4943,3259,732,1426
teh,4969,2940,810,1441
tep,4894,2685,697,1495
tev,81638241,2922,829,1492
tfi,4962,3902,695,1460
tfl,4907,1472,764,1284
tfu,4910,3947,789,1491
tfy,4955,1511,705,1406
tgc,4995,4567,802,1480
tgq,4999,4093,648,1490
tgr,4557,849,821,1463
thl,4968,2407,730,1500
thn,4702,1427,808,1432
thw,4981,3993,804,1493
thy,4968,2506,722,1500
thz,4950,3580,777,1496
tis,4917,3005,775,1491
tjd,4827,2629,721,1447
tji,4953,4275,815,1476
tkc,14241338,1282,759,1438
tku,73609410,3502,771,1480
tkv,4985,3698,780,1497
tlu,4716,423,759,1343
tmb,4609,1245,889,1459
tmf,4932,4752,804,1482
tmp,4927,2532,749,1419
tmw,4838,4146,791,1493
tmx,4682,906,920,1480
tnb,4915,4727,811,1480
tnk,4732,824,663,1488
tnw,4713,1369,907,1475
tnz,4956,1477,728,1461
tpe,4943,3046,757,1487
tpy,4874,1467,746,1440
tqa,4948,4224,840,1497
tqm,4998,2299,778,1463
tqx,4338,314,1138,1485
trg,4900,3429,768,1468
tsb,4944,3291,765,1491
tsi,4831,1537,716,1434
tss,4868,5314,791,1483
tst,34760650,3382,794,1498
tsw,4981,4564,673,1486
tsx,4784,4851,776,1500
tuh,4973,1727,780,1393
tuu,4971,780,999,1447
tuz,4848,3407,835,1462
tvz,4890,537,775,1433
twc,4878,2223,600,1466
twi,4986,1154,909,1484
twr,4352,652,583,1300
txf,4989,5241,665,1499
txj,4968,5098,676,1497
txl,4859,2623,798,1499
txr,4669,2374,815,1447
typ,4989,2143,823,1438
tyr,4143,1427,686,1349
tzl,4836,518,667,1401
tzt,3596,862,910,1456
uai,4889,1692,811,1459
uaw,3813,630,836,1447
uay,4996,4086,729,1491
ubi,4960,4835,745,1481
ubm,214611388,2537,744,1473
ubs,4909,3313,806,1406
ucp,4978,3664,684,1463
ucq,4999,4369,743,1499
ucr,4500,1062,663,1356
udq,0,13,766,766
ueh,49555376,7511,771,1498
uei,4993,3335,739,1496
uek,4619,985,822,1423
uex,4955,1436,667,1487
ugo,4929,2839,703,1499
uhd,4946,2195,730,1492
uht,4323,466,558,863
uhu,4821,3200,750,1498
uik,4997,4080,703,1494
uip,4911,3238,768,1497
uiu,4969,1367,762,1457
ukb,4917,3715,780,1488
uke,4905,1199,715,1476
uki,4922,1870,670,1497
uks,4941,2698,804,1494
ukt,4933,4465,741,1465
ulp,4784,1751,800,1487
ulr,4804,1929,669,1475
uls,4722,1119,781,1466
ulx,4718,881,774,1352
umd,4881,1103,773,1445
umf,4882,3607,802,1484
uml,4638,2267,855,1404
umq,4935,5167,732,1499
una,4911,3186,730,1497
unj,4891,4332,749,1500
unt,10657670,4912,661,1468
unx,4275,1930,615,1424
uop,3537,126,239,350
uor,4774,1992,724,1475
uov,4981,4971,718,1458
upf,4993,2945,805,1451
upg,4973,3896,786,1480
upw,4672,168,245,1434
uqc,4972,2925,769,1465
url,4887,983,878,1495
urn,4893,2544,694,1491
urp,4989,4592,835,1491
urw,4999,3804,710,1498
urx,4984,2635,805,1476
ury,4779,1670,629,1407
usf,4922,4593,792,1481
usn,4876,1894,792,1329
usq,4886,2367,891,1493
ust,4948,2255,885,1497
utf,4998,3764,788,1498
uti,4966,3669,754,1464
uto,4949,325,378,1387
utu,4879,2965,750,1494
uve,4996,555,929,1362
uvw,4904,2132,880,1476
uvy,4987,1644,824,1487
uwa,4909,2072,761,1444
uwn,4694,1066,716,1446
uxa,4952,1690,740,1484
uxb,4990,4164,795,1480
uxc,4426,481,842,1370
uxs,3715,811,716,1311
uyq,4773,2992,834,1488
uyv,498,169,954,1230
uyx,4876,1843,636,1463
uzd,4981,4940,697,1487
uzx,4988,4349,740,1486
vad,4665,597,934,1399
vbc,4969,3762,689,1430
vbf,4881,1349,873,1427
vbl,4966,2792,673,1405
vbq,4941,4304,757,1452
vbu,0,7,1350,1350
vbx,2743,182,397,867
vce,4932,3610,798,1485
vco,4993,3027,770,1464
vcq,4936,4273,762,1398
vcw,4919,3462,746,1480
vda,4982,3292,643,1468
vdd,4826,2115,715,1487
vdf,4968,4559,814,1487
vdg,4964,1278,726,1482
vdl,4995,3909,746,1496
vdr,4490,1017,590,1337
vdz,4986,4453,744,1485
vfc,4629,218,967,1499
vfh,4973,4133,801,1500
vfj,4902,4614,762,1490
vfl,4950,3742,612,1471
vgk,4979,494,1051,1480
vha,4875,1603,674,1431
vhm,4964,4219,718,1487
vhn,4924,2326,728,1461
vhs,4998,4202,737,1496
vhu,4751,124,758,1186
vhv,4862,4033,752,1495
vic,4975,2844,697,1425
vil,4929,4541,763,1481
viv,4751,2539,859,1484
vja,4436,280,934,1451
vjv,4881,2134,833,1480
vke,4225,123,913,1440
vlx,4995,3198,826,1496
vnc,4985,4345,797,1468
vnl,4938,3766,796,1474
voa,4958,593,814,1354
vol,4999,1461,844,1470
von,4527,808,710,1485
voo,4951,3801,686,1353
voz,4995,4448,862,1494
vph,4886,503,727,1263
vpk,4237,800,531,1495
vpn,4995,1938,659,1454
vqc,4924,860,861,1482
vqh,4833,1133,795,1447
vri,4989,3140,693,1490
vrr,211193220,4511,729,1500
vry,4665,2712,767,1491
vsk,4982,4402,772,1470
vsv,4973,3718,842,1476
vug,4898,4195,763,1490
vui,4924,4306,806,1411
vun,4995,2694,755,1472
vuq,4978,4662,802,1451
vux,4946,2347,881,1489
vvv,4258,1026,994,1485
vvy,4963,4359,856,1478
vwb,4930,3689,817,1473
vwj,4867,4518,666,1496
vwu,4866,3814,669,1476
vwy,4871,3752,826,1496
vxh,4995,2786,647,1441
vxm,3956,255,834,1442
vxn,4734,3854,718,1490
vyi,4238,373,1007,1400
vyw,4989,2475,652,1495
vyx,4913,2570,691,1494
vyz,4858,3602,817,1477
vzc,396,135,467,793
vzv,4720,3309,758,1490
wab,4986,4212,777,1480
wan,4985,4791,845,1486
wap,4895,3983,787,1472
waq,4637,1100,804,1441
wbc,77104056,9154,748,1499
wbo,4987,3801,712,1490
wcb,146008771,10096,748,1497
wcj,4996,4227,772,1500
wcq,4810,1966,791,1444
wcz,4987,3087,683,1414
wdn,4929,5263,753,1463
wef,4923,637,963,1377
weg,4964,3674,752,1471
wei,0,85,127,127
wex,4769,228,896,1468
wez,4980,3600,844,1483
wgb,4982,3746,721,1484
wgs,4420,1092,723,1484
wgt,4830,1346,682,1388
wgu,4997,3603,737,1492
whb,4993,4266,762,1500
whe,4685,2075,591,1443
whx,4950,2798,808,1487
wib,4982,2886,758,1449
wig,4964,3577,801,1460
wip,4959,1313,562,1453
wix,4661,1169,659,1498
wja,4999,833,1058,1496
wjq,4925,2290,655,1500
wjr,4918,357,789,1383
wkj,4862,814,756,1454
wkl,137582694,6571,788,1478
wkp,4955,3331,782,1493
wkq,4995,748,637,1490
wkr,4989,1461,1011,1498
wla,4794,1835,914,1476
wli,4984,3463,724,1480
wls,4960,2143,777,1481
wmh,4293,446,914,1489
wmr,4998,4214,724,1443
wnf,4968,4431,683,1500
wns,4588,1944,856,1461
woa,4978,3916,685,1491
wqg,4822,2039,819,1458
wqh,96180979,5597,709,1485
wqp,4990,3793,744,1491
wqq,4904,4920,751,1488
wqt,4961,3341,711,1451
wrn,4965,4121,828,1495
wry,4982,2587,717,1497
wtu,14830457,4643,755,1500
wuw,4949,823,686,1448
wuz,4591,53,1464,1466
wve,51779501,12054,766,1491
wvg,4865,2221,722,1497
wvv,4914,1264,786,1491
wvz,4192,318,833,1329
wwa,4965,2055,884,1489
wwh,4940,1923,741,1461
wwr,4585,3625,781,1484
wxj,4615,370,798,1281
wxt,4949,1986,782,1489
wxx,146208589,1803,787,1484
wxz,4956,1305,835,1500
wyb,4930,1633,768,1498
wyk,4740,1608,691,1490
wyl,4714,1997,719,1494
wyz,4959,3943,736,1494
wzo,4955,919,709,1167
xae,4981,3090,748,1494
xan,4916,2123,734,1488
xay,4860,1701,688,1482
xaz,4944,3309,787,1498
xbf,4965,4950,683,1463
xbg,4257,2631,732,1495
xbn,4891,3554,714,1475
xbw,4641,1071,695,1388
xcf,4952,2693,760,1492
xcr,4981,4155,771,1496
xdd,4874,2319,946,1467
xdp,4788,2236,746,1446
xdr,4848,457,857,1340
xds,4981,3009,746,1499
xea,4935,1809,671,1479
xel,4347,1200,969,1441
xeq,4837,4425,735,1468
xfm,4617,415,697,1332
xfn,4979,3222,833,1455
xft,4869,2401,790,1497
xgd,4991,2311,784,1472
xgp,4931,5088,637,1451
xgv,4981,4339,784,1486
xhm,4753,2066,745,1362
xhr,4968,3311,840,1495
xie,4966,5089,706,1496
xig,4980,4360,678,1496
xja,4950,1789,801,1423
xjx,4344,147,383,1121
xkc,4762,1064,744,1499
xky,4887,2280,845,1486
xlg,4995,1463,727,1447
xlh,4708,3778,770,1461
xlp,4998,4809,702,1489
xls,4894,4677,712,1497
xlu,4914,355,1007,1492
xmc,4876,3029,777,1495
xmk,4954,3007,853,1465
xnh,4950,3180,787,1489
xnw,4945,2205,794,1477
xoa,0,38,4,4
xof,4728,3057,750,1483
xor,3967,804,788,1478
xoy,4999,2946,731,1497
xpb,4913,3358,799,1491
xpf,4977,3224,677,1437
xpt,4794,676,723,1381
xpv,4928,2168,729,1457
xpz,4986,4552,765,1491
xqa,4940,3098,619,1413
xqw,4740,335,610,1478
xsa,4924,2287,732,1441
xtq,4986,4055,649,1499
xtt,4872,2177,749,1496
xup,4977,4325,807,1495
xuw,4924,2829,780,1500
xuz,4918,1240,617,1487
xvk,4975,2899,793,1493
xvy,4974,3182,738,1452
xws,4932,407,943,1348
xww,4992,1778,890,1489
xxp,4970,2790,772,1497
xyb,4996,3325,746,1496
xyk,3420,159,1224,1327
xyw,4883,1020,848,1460
xzc,4793,2171,811,1471
xze,4971,4663,744,1499
xzk,4846,943,779,1297
xzz,4357,698,966,1490
yaa,4948,4729,744,1470
yag,4935,3263,671,1483
yal,4944,1887,699,1449
yap,4940,1540,726,1458
yas,4944,2778,630,1480
yba,4823,1001,861,1444
ybh,4118,279,741,1031
ybo,4764,1782,719,1496
yby,4575,311,724,1374
ycc,4978,4375,713,1499
ycj,4977,4414,808,1491
yco,4675,382,525,1095
ydr,4969,4460,815,1498
yed,4992,1488,788,1466
yeg,4848,1387,787,1478
yeu,49589143,3247,699,1492
yey,3166,518,619,1329
yez,4144,621,677,1336
yfs,4970,2936,745,1456
yfv,4998,4365,717,1484
yfx,4914,3480,810,1500
yhe,4969,1043,765,1414
yhr,4853,3283,809,1452
yii,4955,418,573,1413
yil,4964,423,885,1456
yir,4999,4163,822,1488
yjo,4886,2936,636,1492
yjv,4971,1918,752,1445
ykm,4969,1538,834,1441
ykn,4980,3958,782,1495
ykt,4957,3282,868,1499
yky,4801,3016,739,1495
ylb,4845,2863,680,1498
ylc,4985,4854,771,1500
ylk,4738,4658,818,1490
yml,4905,1733,623,1429
yna,4956,1994,723,1486
ynb,4813,3996,718,1485
ync,4966,3695,764,1417
yng,4751,1414,705,1395
yni,4809,3996,809,1490
ynt,4994,2916,742,1490
ynz,4934,4782,773,1498
yof,4987,4951,597,1457
you,4976,4730,730,1466
yox,4988,1979,740,1489
yph,4895,243,1138,1205
ypm,4979,2203,769,1468
ypw,4771,1194,838,1389
yqi,4975,3852,811,1484
yql,4960,1284,714,1492
yqq,4826,2248,775,1491
yrl,4793,202,743,1464
ysb,4988,5029,699,1480
yti,4900,3880,750,1500
yto,4962,4023,682,1481
yts,4934,3582,729,1490
ytt,4882,4805,709,1485
yuc,4856,1177,673,1498
yun,52864189,6493,744,1471
yup,4979,2701,750,1495
yur,4980,3824,753,1469
yvn,4694,510,521,1492
yvw,4958,2697,843,1500
ywb,4757,4336,714,1500
ywj,4995,1966,713,1451
ywz,0,4,695,695
yyd,4783,1104,963,1476
yzf,4987,3670,664,1492
yzo,4992,3206,779,1469
yzr,4846,1256,709,1478
zag,4946,4335,740,1495
zaj,4947,4435,818,1493
zav,4903,1678,711,1492
zaz,4967,4595,734,1498
zbc,4856,2666,632,1469
zbd,61438088,2457,651,1370
zbf,4413,327,951,1364
zbm,4738,3456,803,1493
zbn,4849,2211,729,1424
zbs,4320,458,618,1096
zbu,4857,3499,655,1285
zdx,4907,3412,911,1497
zdy,4955,3966,772,1467
zed,4970,3775,740,1500
zef,4985,1916,750,1482
zem,4903,640,741,1344
zeo,2893,183,1118,1417
zer,4986,1177,597,1467
zfh,4957,4365,759,1413
zfs,4999,2475,728,1499
zfz,4734,881,535,1219
zgc,4887,582,539,1182
zgy,4986,4530,736,1496
zhd,4232,393,757,1371
zhs,4978,3187,713,1474
zii,4973,2346,663,1447
zik,4969,4165,736,1500
zim,4934,4680,761,1497
zio,4982,3967,745,1475
ziq,4753,1845,795,1489
zit,4991,4268,856,1497
zix,4927,4632,778,1496
zjj,4971,781,702,1308
zjk,5997678,4183,797,1476
zjt,4841,10,916,1111
zjx,4976,1013,676,1486
zkb,4920,532,970,1411
zkf,4993,2846,719,1453
zkn,4980,2950,710,1473
zla,4979,4202,676,1466
zlb,4742,2295,816,1497
zlk,4833,1427,813,1492
zll,4463,554,1147,1478
zlq,4859,4448,845,1496
zlv,4983,2526,741,1472
zlz,4974,2470,624,1488
zmf,4967,5022,749,1478
zmy,4939,4943,758,1489
znq,4964,2373,744,1500
zoc,4981,3903,710,1489
zoq,4952,2225,702,1496
zpc,4960,1709,733,1426
zpd,4967,4164,724,1499
zpr,4806,3550,730,1496
zql,4987,3421,781,1482
zqm,4992,4771,667,1488
zqq,22359408,5832,676,1489
zqs,4999,3679,762,1495
zqu,4839,625,594,1488
zqy,33929189,7387,788,1495
zre,4363,984,753,1373
zrz,4775,544,430,1380
zsj,22945710,8976,714,1500
zsr,4892,2212,745,1499
zsx,4349,990,764,1402
ztp,4736,1305,727,1466
zuc,4852,3143,774,1482
zud,4977,3822,635,1449
zuh,4985,3207,749,1466
zut,4992,3728,850,1484
zvn,4966,4886,731,1486
zvx,4870,2855,749,1484
zwe,4989,3006,728,1494
zwo,4920,4118,782,1495
zwv,4974,3366,702,1482
zxa,4975,932,898,1483
zxd,4980,3391,804,1481
zxh,4988,4673,698,1495
zxi,0,94,1465,1465
zxk,141012950,1657,842,1456
zxo,4854,3915,711,1496
zxx,4985,3000,760,1485
zyg,150870078,3957,743,1476
zyh,4926,2726,712,1476
zyj,136688729,8543,826,1500
zyv,4901,2119,741,1480
zyz,4831,1413,722,1491
zzu,4991,2984,786,1485
zzx,4840,4384,760,1495
