aac,4876,4661,725,1493
aao,4925,4932,788,1493
abl,4953,4793,721,1439
abn,4992,3119,841,1484
abq,4931,919,803,1426
abt,4978,3486,831,1479
aby,4840,683,661,1494
acc,4858,2688,678,1482
adh,4808,1407,487,1488
aeg,4926,472,767,1480
afc,4930,2276,577,1485
afz,4985,4757,757,1491
aga,4930,2993,842,1447
agd,4700,1553,859,1395
age,4943,3730,804,1499
agf,4889,3381,752,1487
agj,4954,3071,738,1499
agx,4982,1460,739,1478
agy,4995,4389,742,1487
ahe,101697377,5752,758,1498
aii,4856,4722,792,1499
ail,4901,3814,790,1498
air,4956,3160,671,1495
ajh,2170,174,729,1117
ajo,4867,3878,796,1494
ajz,4850,3051,674,1476
aka,4974,2902,693,1494
akc,4951,3093,653,1432
akl,4999,4055,762,1477
all,4967,3300,640,1411
alo,4978,2550,697,1493
alr,4898,804,880,1478
alt,4939,514,584,1288
aly,4781,2649,699,1483
amd,4996,3454,789,1497
ami,4755,1517,684,1467
amr,4906,2231,817,1417
anp,4984,2785,770,1498
anr,4901,2213,817,1465
ans,0,44,336,336
ant,4979,5164,723,1497
anu,3340,20,936,1136
aob,4927,1652,641,1391
aon,4555,176,688,1368
apa,4990,3804,778,1496
apg,4912,4017,724,1482
apw,4946,4145,735,1486
apx,4870,1951,668,1434
aqa,4948,2738,805,1465
aqf,4977,4076,710,1498
aql,4992,4196,765,1494
arg,4793,2639,795,1493
arh,4878,3856,820,1453
asm,4962,3060,783,1496
atj,4875,778,626,1277
aua,4969,3513,726,1480
aug,4906,1647,872,1426
aur,4951,4755,685,1486
auy,116120639,4363,606,1500
avg,4771,617,641,1292
avj,4986,3330,761,1463
avk,4939,1340,802,1500
avs,4978,4361,701,1489
awd,4970,1287,840,1482
awg,4816,4340,660,1460
axk,4945,3834,750,1431
axq,4851,4188,701,1498
axt,4920,1829,633,1392
axz,4779,2471,758,1476
ayc,4428,934,760,1125
ayg,125026341,3577,750,1496
ayv,66600168,6648,756,1494
ayw,4986,2543,708,1432
azs,4705,1968,808,1492
azt,4996,5284,728,1489
bar,4983,1566,640,1465
bbe,4856,995,766,1475
bbx,4996,2243,876,1495
bcj,104444545,6384,777,1471
bcs,4980,721,688,1415
bde,4807,1320,836,1470
bdf,4963,2242,868,1461
bdh,4911,4092,695,1451
bdj,3937,236,755,1357
bdk,4715,2962,742,1492
bfd,4994,3056,866,1488
bfh,4743,774,710,1491
bfv,4578,977,749,1310
bgd,4983,3425,643,1483
bgg,4978,2433,777,1494
bgx,4998,3113,749,1494
bgy,0,18,937,937
bha,4920,3410,797,1492
bhx,4772,2159,605,1497
bhy,4954,1069,652,1343
bic,4726,990,721,1431
bis,4977,4926,776,1494
bit,30710265,4873,805,1494
biu,4754,2460,733,1483
bix,4999,3522,841,1463
biy,4619,1467,698,1372
bjk,4991,3542,681,1488
bjq,4781,2636,801,1474
bjr,4929,1203,674,1496
bjt,4851,4531,655,1462
bkr,4961,4337,785,1498
bkv,3507,398,862,1369
bkw,4655,653,990,1451
blc,3998,163,582,1280
blj,4988,3289,837,1500
blm,4923,1912,673,1494
bmh,4920,3991,696,1490
bmp,4843,4289,765,1499
bmz,4420,734,821,1491
bna,2433,263,718,1003
bng,4959,2609,744,1438
bnp,4775,970,670,1421
bns,149877761,3588,748,1468
bny,4917,2389,813,1460
bob,4897,2514,667,1491
bop,3804,747,746,1467
bpd,4916,3902,785,1479
bpx,4955,4542,929,1499
bql,4761,1478,753,1370
bqm,4876,3360,764,1468
bqz,4996,411,866,1408
brp,4954,1385,696,1491
brq,4940,1431,638,1347
brv,4955,4891,781,1490
brx,4561,495,1085,1465
bsj,4999,3596,812,1499
bsp,4962,2880,666,1478
btf,30198308,6179,726,1489
btr,4935,2918,771,1488
bud,16912396,3800,760,1493
bul,2267,78,831,1447
bvc,4897,1538,637,1427
bvd,4889,4620,676,1495
bve,4485,1426,726,1452
bvx,4979,4713,753,1491
bvy,4983,3783,790,1463
bwm,4995,777,655,1322
bxc,4729,1528,784,1493
bxe,4990,282,1105,1405
bxh,4943,4158,850,1495
bxp,4593,1193,699,1445
byd,4968,4904,796,1495
byr,4997,4808,855,1495
byu,4954,2036,492,1458
bzj,4950,3446,670,1491
caa,4769,4896,833,1493
cac,4997,3688,850,1475
cbc,4985,3653,790,1453
cbf,4938,3621,791,1497
cbj,4927,3794,725,1499
cbn,4933,2830,723,1466
cbp,4322,1350,662,1419
cbr,4721,279,625,1250
cca,4848,4875,759,1497
cdk,4992,3926,761,1487
cdl,4830,2835,686,1471
cdn,4805,1561,707,1493
cdo,4850,1756,820,1353
cdr,4991,2256,540,1395
cdx,4983,3514,775,1465
ced,12326616,1069,868,1498
ceh,4777,2123,774,1417
cew,4515,981,842,1467
cez,4993,3139,739,1489
cfg,3656,288,894,1435
cfv,4844,2056,918,1485
cgc,4886,440,550,818
cgk,4486,1483,824,1465
cgo,3486,109,425,512
cgr,4993,628,812,1497
cgw,4850,2555,711,1350
chb,4457,588,466,1153
chw,4343,1346,808,1466
cic,4875,2528,778,1491
ciq,4876,918,792,1312
cix,4929,3222,852,1485
cjc,4681,631,571,1112
cje,4953,4389,723,1496
cjf,4992,1498,780,1480
cjk,4997,1576,672,1364
cjq,4994,2556,818,1498
cju,4971,3825,818,1500
ckk,4857,2142,713,1471
ckl,4950,1553,797,1450
ckm,4919,2412,846,1438
ckr,4951,4809,798,1484
clh,4970,4335,834,1499
cln,4516,1339,747,1472
cmb,4985,4588,709,1482
cmf,4952,798,964,1491
cmx,4942,2022,678,1480
cng,4966,5323,740,1489
cno,4817,966,856,1420
cny,4742,2943,715,1474
coc,4834,1486,762,1489
cor,4980,4385,707,1479
cou,4696,2385,815,1492
cph,4793,840,810,1407
cpj,172347487,3069,676,1455
cqa,4959,4243,796,1462
cqf,4978,5223,701,1457
cqj,4905,2547,855,1491
crh,4050,710,673,1409
crt,4811,2458,680,1489
csf,4924,4858,707,1482
csg,3505,217,756,1329
csi,4719,2796,734,1474
csk,4301,276,895,1491
csq,4996,4755,760,1482
csu,4986,3267,760,1460
csv,4968,4690,838,1430
csw,4968,2506,673,1488
csz,4992,1967,697,1397
ctd,4953,692,929,1467
cth,4991,5100,671,1488
ctk,4997,4470,806,1498
ctn,82181299,3937,775,1483
cty,4895,2784,658,1469
cup,4967,3157,762,1486
cuu,4884,1157,605,1176
cuz,4620,860,814,1442
cvd,4950,4308,705,1494
cvj,199017208,3826,698,1420
cvl,4778,3083,769,1497
cvs,4787,1527,875,1469
cvw,4765,1351,800,1455
cww,4920,3540,713,1388
cwz,4001,204,664,1231
cye,4593,1534,599,1497
cyf,4797,2103,664,1459
cym,4979,1372,757,1484
czp,4989,2702,922,1498
czx,4960,3760,791,1474
dah,4940,2211,808,1481
dak,4907,2090,872,1483
dal,1545,130,575,870
daw,4946,4150,768,1497
dbf,4980,2397,704,1423
dbh,4873,2703,713,1472
dbw,91797175,2804,717,1456
dci,4956,886,790,1438
dck,4932,3054,648,1486
deb,4917,4668,715,1492
des,4962,5000,781,1481
deu,4828,5020,748,1489
dez,4988,2189,756,1490
dfq,4997,3166,730,1481
dfs,4480,1324,746,1409
dgw,4988,4081,760,1500
dhu,4994,1791,834,1452
dhz,211045728,5149,790,1499
diq,4703,2999,825,1500
diy,4960,1425,720,1443
dja,4861,3152,755,1418
djm,4551,4169,755,1477
dju,4815,4995,844,1472
dkq,4951,2000,707,1348
dlh,3975,145,759,1314
dlv,4964,3142,816,1486
dmi,3950,513,1029,1479
dmw,4926,2945,728,1450
dmy,4976,3895,851,1486
dna,4888,3627,596,1485
dnv,4985,2485,748,1488
doa,4971,3941,839,1462
dok,4758,3167,709,1458
dow,4546,1157,577,1472
dox,192302495,2120,694,1440
dpc,4939,2607,688,1473
dpg,4914,448,529,1024
dpj,4956,2689,652,1472
dpq,4839,1403,838,1500
dpx,4956,2556,850,1490
dqf,4968,3620,791,1496
dqj,4940,4921,796,1492
dqp,4243,495,805,1227
dtc,4646,1079,778,1496
dte,4916,2500,812,1446
dtg,4083,375,832,1401
dtj,4944,1938,712,1481
dtk,4912,4139,754,1488
dty,4711,4767,767,1498
dvq,4744,610,531,1479
dwd,4869,3971,771,1500
dwk,4671,4048,742,1500
dww,4881,4324,767,1482
dxh,4942,2792,824,1437
dxl,4904,4570,740,1488
dxt,4818,3458,773,1495
dyi,85802282,2582,775,1485
dze,4984,1586,753,1450
dzi,118288708,3416,784,1483
dzr,4898,3837,767,1442
dzv,4971,1038,684,1492
eai,4901,2299,717,1453
eat,4918,3771,734,1453
eax,4672,2103,813,1422
ebf,4981,2938,800,1491
ebu,4843,5102,789,1496
eby,4756,3370,840,1481
ebz,4957,1408,746,1443
ecb,14719138,5308,782,1493
ecw,4520,1526,927,1498
eeq,4973,3398,838,1454
efe,4794,667,559,1277
eff,4860,1487,824,1500
efl,4941,5149,818,1490
efo,4951,1492,779,1471
efr,4467,555,707,1309
egq,4847,2431,860,1494
egx,4968,1711,749,1491
egy,4828,763,722,1480
ehe,4993,991,660,1410
ehu,4897,2250,689,1427
eim,4964,4888,743,1490
eiq,4973,3710,775,1489
ejc,4991,2404,666,1484
ejg,4922,846,829,1418
ejh,4952,2534,861,1478
eju,2822,84,876,1013
ekf,114036749,6949,707,1476
ekj,4900,595,587,1436
ekl,4671,1912,650,1470
ekq,4991,4435,696,1437
ela,4810,2692,725,1471
elm,4965,1483,736,1340
elt,4894,1122,648,1423
elu,2407,81,912,950
ema,4932,1234,861,1462
emq,4935,2551,717,1412
eno,4965,1110,630,1437
env,4982,5088,719,1461
eok,10983092,5658,808,1484
eom,4978,4340,826,1482
eot,4878,3737,771,1451
eou,4935,3413,683,1474
eox,4788,2712,804,1493
eoz,58146057,6432,729,1498
eph,4828,1725,735,1482
epm,4877,4986,841,1490
epp,4883,2753,749,1499
eps,4651,904,692,1317
epx,4747,2133,746,1480
eqa,4947,833,814,1432
eri,4905,2762,800,1494
erj,28490170,5497,758,1488
erx,4874,3189,676,1494
esf,4051,98,126,574
etu,4968,2201,808,1488
etz,4841,2989,700,1497
euc,4987,807,817,1371
eud,4335,856,866,1499
euo,4886,4048,684,1430
eux,4967,4412,712,1500
euy,4825,2687,612,1497
euz,4963,1933,657,1496
evt,4868,699,522,1230
evw,2446,75,500,718
evx,4899,2707,766,1485
evy,4742,280,679,1200
evz,4997,3745,700,1455
ewx,4973,3534,733,1473
exh,4812,984,729,1495
exr,4982,3618,745,1490
ext,4587,1927,657,1458
eyf,4998,3535,747,1393
eys,4968,1733,621,1488
eyu,4980,4970,709,1485
ezg,4087,563,912,1433
ezi,4739,1694,731,1480
ezj,4960,3626,817,1498
ezl,4921,3403,585,1421
fah,4884,697,1007,1469
fam,4956,2108,610,1458
fao,118276032,6844,750,1482
far,3357,104,1201,1470
fbm,4957,3993,757,1482
fbs,4914,4301,757,1486
fbx,4987,4600,746,1499
fcc,4892,4706,752,1458
fcn,4945,1529,909,1464
fcq,4938,4419,764,1499
fcs,4900,663,884,1480
fcv,4990,3194,754,1458
fdf,4418,861,528,1410
fdi,4899,2018,670,1444
fdx,4973,4614,710,1491
fdz,4904,4693,722,1485
fem,4967,4610,724,1453
fev,4901,4516,688,1465
ffa,4978,3893,700,1498
ffq,4996,3060,591,1465
ffs,4993,4414,670,1490
ffu,4950,3638,782,1477
ffy,4976,1938,663,1424
fgh,1775,124,1081,1234
fgy,4754,413,756,1289
fim,4975,4574,732,1493
fiz,4819,4780,804,1478
fjd,4913,2721,696,1414
fjk,4975,5212,695,1473
fkg,4899,2190,675,1465
fkt,4865,1725,790,1413
flb,4019,351,1044,1492
fld,4662,249,725,1454
flp,4999,2659,734,1500
flu,4971,1884,758,1448
flx,4992,3995,810,1485
fms,4997,4052,692,1451
fnd,4987,4421,843,1440
fnj,4991,1426,919,1484
fno,4822,496,801,1375
fnt,4929,1829,751,1479
fnu,4942,1591,865,1476
foh,4968,669,755,1476
fop,4511,424,865,1446
foy,4952,3186,756,1457
fpb,4418,488,622,1418
fpy,4981,4375,773,1490
fpz,4932,4390,655,1407
fqb,4964,4073,770,1499
fql,4990,3175,700,1465
fqn,4905,3810,671,1490
frk,4970,4902,798,1499
frq,4944,2436,720,1374
fsb,4920,3673,800,1473
fsu,4982,2789,747,1479
ftp,4897,2771,686,1407
ftz,4873,2406,601,1454
fuf,4990,5064,770,1494
fui,4999,4209,711,1500
fuv,4752,2734,653,1489
fux,4916,3296,697,1498
fvp,4950,2846,742,1450
fvr,4830,543,592,1217
fvt,4920,3750,741,1499
fvw,137199669,4893,748,1494
fvz,4692,703,646,1431
fwc,4999,5379,769,1489
fwh,4974,4383,753,1498
fwi,4998,4049,731,1490
fwv,4957,4321,762,1496
fxg,4972,1582,774,1425
fxh,4947,4426,725,1496
fxq,4974,4139,743,1478
fxv,120174717,4903,801,1483
fxy,4989,4951,641,1499
fyh,4995,1155,1008,1481
fyu,4688,4156,788,1469
fyv,4765640,3133,794,1472
fyz,4997,4258,683,1472
fzb,4766,2705,691,1464
fzz,4973,2484,689,1430
gaj,4946,2710,770,1500
gax,4983,3885,776,1490
gbd,4843,470,805,1476
gbh,4986,2412,845,1439
gbl,952,80,853,970
gbn,4985,5154,661,1464
gcl,1844,105,721,877
gcx,4916,1038,471,1067
gcy,101475310,8614,756,1493
gdq,5767232,334,838,1428
gdr,4947,3285,805,1480
gdy,4831,2222,713,1467
gei,4631,451,553,994
geq,4983,719,945,1463
geu,2406,161,635,840
gez,4578,205,1171,1449
gfq,4976,4027,793,1461
gfr,4940,2858,834,1484
gfu,4960,2996,659,1500
ggk,0,1,966,966
ggm,4944,1298,732,1260
ghd,4488,339,958,1187
ghh,4868,1687,697,1488
gho,4993,2814,730,1491
ghs,4988,5123,733,1500
gig,4830,3715,708,1461
gik,4318,3115,753,1495
gjf,4773,1440,656,1420
gjs,4981,1126,823,1411
gjv,4989,3318,689,1467
gkg,4961,4270,770,1485
gko,4951,1479,706,1471
gkt,4885,3694,773,1495
gku,4828,1694,791,1480
gmn,162937008,3893,838,1468
gnd,4982,568,760,1348
gof,4963,4417,786,1487
goj,4890,4530,675,1465
gpc,4951,2918,740,1495
gpe,4979,1425,750,1498
gpm,4797,3706,744,1477
gqm,3813,208,881,1271
grc,4993,4693,715,1483
grr,4934,857,777,1473
gsb,4963,1981,775,1476
gsm,4611,1795,691,1405
gsx,4947,3093,788,1491
gtp,4699,2943,725,1492
gtt,4750,867,834,1370
gtu,4996,1749,745,1482
gui,3171,389,616,1369
gut,4998,3464,826,1494
guv,4950,3178,803,1461
guy,4737,4033,744,1488
gwe,119739580,6881,670,1486
gwf,4801,2442,674,1471
gwi,4773,1800,962,1499
gww,4807,2268,690,1442
gxg,13066978,4803,706,1477
gxv,4035,564,542,1481
gyh,4839,2560,692,1492
gzb,4940,3121,701,1486
gzc,4957,4096,675,1497
gzl,4782,619,395,1098
gzn,4863,3662,718,1472
gzr,4958,4637,758,1451
gzw,4945,2765,704,1394
hac,4973,4068,756,1485
hbj,4925,4577,706,1496
hck,4721,1600,720,1448
hct,4990,4633,601,1492
hcu,4938,3746,702,1382
hdn,4849,700,826,1452
hdr,4849,1239,628,1462
hee,4891,2542,882,1471
hep,4958,2816,751,1499
heq,4850,2832,678,1481
hfr,4924,2738,621,1474
hfy,4975,2836,662,1465
hfz,4842,2684,669,1496
hhe,4643,1237,604,1427
hhs,4652,1584,721,1377
hio,0,21,413,413
hja,4423,430,926,1416
hje,4994,1132,776,1498
hjz,4962,4363,752,1483
hkb,4956,2686,851,1494
hkz,4936,1662,842,1460
hlb,4954,3972,748,1496
hle,4940,4114,681,1479
hmd,4891,3448,826,1448
hmp,4982,5219,826,1470
hmv,4994,2880,869,1468
hmx,4397,818,433,1441
hmy,4941,1082,552,1435
hnj,4867,4085,755,1496
hny,4969,3703,743,1454
hod,4926,4712,627,1470
hoe,4830,2716,658,1457
hoi,4935,3956,780,1491
hor,4994,4538,788,1497
hox,4950,3877,786,1498
hpl,76814670,5782,744,1484
hpy,0,50,681,681
hpz,4911,1306,750,1476
hqf,4862,1270,675,1452
hqn,4598,1357,815,1472
hrf,4949,5107,751,1495
hrl,4992,4973,751,1484
hru,4696,3220,805,1475
hsd,4992,2636,781,1490
hso,4948,3129,790,1474
htm,27904463,6259,733,1499
hus,4986,5234,643,1497
huy,4949,1511,652,1458
hvb,4844,1920,745,1490
hvd,4870,2770,819,1444
hvi,4569,927,731,1399
hwa,211662887,4880,746,1496
hwn,4965,3575,609,1488
hxs,4964,4615,832,1499
hyn,4735,447,725,1378
hyt,4974,1268,509,1251
hzn,4899,3995,771,1470
hzw,4963,3773,637,1483
hzy,4993,1615,849,1452
iab,4326,479,592,1459
iac,4937,4555,698,1493
iba,37506090,3180,729,1492
ibx,4963,3913,843,1499
icc,4953,2302,817,1346
icf,4994,2668,713,1401
ici,4227,968,806,1458
icj,4928,3035,739,1473
idi,3705,305,553,1475
iej,4935,1647,764,1443
ier,4653,1216,606,1441
ieu,4980,2178,614,1485
ife,4959,2989,821,1499
ifh,4661,1171,994,1495
ifn,4980,2572,737,1500
igc,4940,4026,753,1473
igf,4826,3468,687,1481
igi,4224,547,944,1469
igo,4459,386,290,693
igs,4921,4542,689,1493
ihh,4931,3452,633,1492
ihy,4608,884,943,1489
iir,4897,3343,700,1490
ije,4946,4908,768,1441
ijl,4877,4400,795,1480
ijv,3825,411,589,1058
ijx,4938,3875,794,1491
ijz,4851,2699,655,1480
ikd,4805,643,576,1210
ikr,4966,3014,696,1480
iks,4921,3598,841,1494
iku,4858,2050,690,1412
ikz,4969,3714,745,1480
ill,4962,4249,751,1500
ilp,4740,737,954,1494
imw,4965,3870,762,1499
ink,4801,3489,739,1476
ins,4968,3881,747,1499
inu,4896,5208,731,1449
iof,4880,3771,782,1496
ioj,4642,1847,912,1492
ioq,4991,3613,818,1472
ior,4986,4503,863,1498
ipa,4997,3299,732,1495
iph,4969,3472,734,1485
ipj,4979,3720,775,1483
ipr,4959,935,643,1441
ipt,4862,4564,763,1497
ipw,4840,896,779,1461
iqd,4815,1551,839,1445
iqh,4947,1900,719,1435
iqm,4981,4783,780,1493
iqu,4727,1772,790,1415
irg,4799,2275,844,1498
iri,993,143,1143,1404
iro,3922,275,445,1049
irv,4343,601,787,1451
irw,4278,786,750,1447
isl,4700,1591,790,1475
iso,4912,857,902,1499
its,4954,2769,664,1499
iui,4894,844,912,1441
iuy,4953,3855,669,1496
ivf,4869,4611,759,1492
ivg,4842,4329,729,1469
ivj,4988,2955,868,1427
ivm,4930,3871,681,1497
iwe,4978,3675,671,1471
iwq,4009909,992,795,1381
iwr,4782,1506,666,1451
ixs,4955,2087,677,1476
ixw,4995,1322,783,1494
ixx,4913,5060,744,1428
ixy,4852,1025,986,1464
iyc,4960,2385,665,1476
iym,4953,2281,641,1442
iyr,238152745,7452,766,1489
iza,4819,1207,640,1457
izf,4887,3554,701,1482
izj,4982,908,953,1431
izm,4970,2805,673,1433
jaa,4964,4439,666,1489
jas,4976,3449,712,1428
jat,4585,1450,609,1458
jbk,4977,4310,803,1496
jbu,4904,2041,845,1476
jby,4889,3026,806,1430
jcg,41083251,3342,758,1489
jdm,4993,2532,808,1495
jdw,4987,1713,739,1433
jec,4986,3880,788,1495
jen,4490,2342,699,1492
jfk,4982,1879,723,1464
jfo,4978,3021,753,1444
jft,4279,606,807,1363
jhr,4922,3243,644,1493
jhz,4897,3809,828,1494
jif,4901,256,374,622
jii,4964,2077,667,1489
jim,4996,3630,792,1483
jjf,4836,2919,807,1488
jjg,4807,3534,750,1466
jkk,4942,2107,702,1467
jlb,4777,2213,697,1420
jll,4815,3900,809,1492
jlm,4687,2458,765,1467
jmc,4963,3676,650,1496
jmj,4944,1407,759,1499
jmk,4940,2768,731,1481
jmm,4980,2099,828,1497
jni,4955,2846,665,1451
jnu,4761,1270,870,1484
joo,4926,1789,644,1355
jos,4367,278,596,1334
jpf,2315,21,1228,1350
jpk,4661,3652,761,1498
jpm,4802,3549,892,1490
jqi,4957,4027,802,1487
jqj,4160,325,579,1005
jqm,4667,2093,713,1467
jqw,4979,4225,814,1494
jqz,4990,1515,840,1422
jra,4975,1895,796,1486
jrb,4973,1160,753,1443
jrs,4959,3899,793,1489
jrx,4953,2076,790,1437
jry,4977,2506,869,1469
jsg,4872,3065,781,1452
jsh,59554999,2022,636,1479
jsk,4999,3315,731,1477
jsy,4837,4438,709,1476
jta,4967,4038,728,1491
jtc,4722,2641,837,1476
jto,0,63,295,295
jty,4425,182,585,1214
juj,4981,552,723,1335
jun,4739,938,663,1401
juu,4972,2046,789,1483
juy,4876,2519,698,1416
jve,0,73,492,492
jvf,4989,3489,772,1499
jvl,4609,111,626,1446
jvm,4992,4016,852,1483
jvu,4988,1669,545,1498
jwj,3812,639,962,1440
jwm,4855,1580,648,1498
jwx,4928,3956,792,1487
jxi,4972,4809,620,1464
jxs,4599,1330,889,1500
jxx,4964,4446,844,1486
jxz,4982,2531,746,1498
jyb,3988,384,934,1209
jyl,4962,2942,706,1499
jyt,4692,2445,697,1496
jyw,3930,827,650,1386
jyx,4991,3579,843,1485
jzn,4949,2245,791,1424
jzo,4999,2388,756,1455
jzu,4928,3931,785,1474
kaj,4957,4635,633,1490
kax,4771,2972,729,1450
kbf,4778,1267,603,1415
kbh,4917,1429,636,1349
kbi,4873,2209,785,1475
kbn,4670,1071,822,1497
kbu,4883,3744,695,1473
kbv,4685,1609,784,1446
kch,4975,1632,706,1321
kct,4975,4785,797,1493
kdm,4923,3889,810,1483
keb,4851,4214,744,1496
keg,4650,1542,772,1496
ken,4496,1007,860,1466
ker,4991,5272,751,1492
kfi,4808,1551,830,1485
kfn,4975,4938,728,1487
kfp,4957,2853,714,1491
kfy,3832,1007,729,1171
kgf,4800,4613,774,1499
kgh,4942,1542,718,1494
kgp,4979,1916,776,1496
kgq,4923,347,947,1419
khg,4931,3888,770,1485
khj,4909,1125,700,1492
khn,4819,1363,621,1256
kid,4956,520,705,1310
kig,4974,2218,749,1491
kit,4937,1836,776,1489
kjc,4909,2046,769,1475
kjg,4442,1281,771,1391
kjh,4953,4180,760,1500
kjo,4607,2611,648,1417
kkb,3588,844,704,1237
kkc,4978,4177,752,1499
kke,96036971,8732,741,1500
kle,4869,453,894,1167
klv,4915,2308,695,1480
knc,4455,719,682,1373
knm,4969,1027,846,1347
kns,4987,1563,791,1500
kok,4187,404,805,1479
kor,4975,3838,771,1495
kpt,4798,2220,652,1475
kqg,4401,558,1022,1474
kqn,4848,2152,791,1460
kqo,2012,96,618,1416
kqu,4990,1216,643,1476
krm,4882,4918,780,1484
kro,43284446,1756,754,1364
krp,4983,3595,723,1494
krq,4944,5057,709,1499
krr,4985,4437,712,1499
ksd,4921,3161,748,1496
ksi,4936,4644,797,1464
ksw,4920,2163,654,1416
ksx,4984,4117,671,1480
kta,4744,3671,720,1484
ktn,4836,4162,801,1467
kty,4836,2032,732,1484
kue,903,61,707,1114
kuq,4970,3072,749,1498
kut,3030,136,1013,1313
kvf,4754,2245,698,1481
kvm,4959,3307,648,1398
kvo,3139,102,1007,1022
kvu,4971,3756,726,1454
kwa,4954,3979,812,1471
kwc,171655309,3197,847,1462
kwg,4918,3687,760,1497
kxj,4803,2143,774,1492
kxo,4997,4783,746,1498
kxp,4979,1001,671,1310
kxr,4989,4086,805,1476
kxs,4966,4695,800,1467
kxt,4984,2183,823,1464
kxx,4788,2434,871,1456
kxz,4846,961,548,1470
kyk,4970,2964,615,1460
kzk,4738,5000,770,1484
kzu,4484,1228,824,1493
lab,4992,4868,741,1499
lan,4963,3774,756,1498
lav,4899,1223,876,1442
law,4989,4981,715,1494
lbh,4965,3159,802,1474
lbi,4830,530,736,1476
lbl,4979,1819,618,1451
lbq,4929,4011,702,1499
lbu,4999,1661,706,1492
lbw,3864,198,715,1073
lcj,4121,280,668,1296
lcn,4939,3936,740,1477
lcq,4901,911,722,1435
ldg,4954,676,681,1405
ldh,4981,4337,669,1463
ldo,4902,1463,642,1346
ldv,4403,1096,760,1443
led,4988,3151,778,1497
lew,4997,2456,803,1475
lfp,4363,1383,912,1497
lfq,4876,1301,791,1437
lfs,4955,2462,674,1477
lga,4661,928,883,1473
lgr,4942,5303,777,1479
lgz,4959,4307,728,1458
lhz,4906,450,832,1465
lih,4755,2824,780,1495
lij,4953,4703,763,1456
lim,4836,2030,641,1495
lis,4813,3246,832,1492
lje,4686,2056,599,1494
ljf,4996,620,774,1194
ljq,4771,3576,702,1491
ljr,4880,2547,688,1439
lju,4990,2099,673,1486
lka,4611,580,815,1497
lkc,4621,2305,701,1403
lky,4958,3704,682,1487
lll,4880,4214,717,1500
llr,4639,4736,797,1489
llt,4977,4464,762,1457
lmo,4995,456,621,1416
lmr,4812,4383,737,1400
lna,4923,4944,730,1459
lng,4998,1296,629,1436
lor,2875,177,868,1327
lov,4954,1849,694,1398
lox,4252,196,1241,1344
lpb,4742,727,899,1458
lpq,4926,4461,669,1468
lpu,55908535,4414,715,1474
lqr,4886,4172,796,1495
lrb,4935,3228,718,1445
lrg,4924,3172,819,1498
lrq,4937,1330,710,1466
lry,4665,4475,778,1485
lrz,3173,107,942,1380
lsb,4904,4784,706,1472
lsg,3144,148,419,455
lta,4892,597,800,1336
ltd,2357582,3965,819,1496
ltv,4848,347,279,651
lty,4615,477,592,1315
lua,88817813,5032,735,1498
lui,4895,1967,750,1486
luk,4823,2556,833,1499
luw,4930,3910,659,1484
lvn,4857,4032,702,1405
lvq,4880,801,861,1464
lwe,4621,1420,743,1438
lwg,4929,1260,761,1493
lwi,4364,130,956,1208
lxc,112460956,5526,719,1498
lxi,4979,1290,863,1500
lxj,4782,4601,790,1496
lxr,4841,1687,775,1428
lyd,4970,2890,752,1441
lyw,4944,4711,852,1494
lyy,4860,1664,904,1479
lzl,3965,238,457,839
lzm,3834,1030,717,1493
maf,4841,1702,830,1490
mai,4864,3550,807,1471
mbf,4885,2639,777,1483
mbu,4961,726,683,1489
mbw,4652,671,564,1497
mbz,4967,1526,851,1439
mcg,4859,2737,749,1485
mci,4892,2939,706,1498
mcn,4823,4076,843,1498
mcp,4933,1711,611,1487
mcw,4989,3254,764,1478
mcy,93689323,4350,748,1459
mds,4238,385,730,1481
mdv,4839,2632,923,1492
mfh,4888,2784,736,1460
mgc,4857,2318,836,1439
mgg,4849,2172,859,1496
mgl,3917,359,970,1436
mgu,4996,3300,795,1486
mhi,4953,3196,743,1484
mhm,4817,4829,690,1497
mhv,4698,871,752,1354
mhx,4986,3410,764,1491
mie,4687,786,616,1475
mij,4970,3540,878,1481
mip,4951,3828,801,1492
miu,4702,1602,678,1435
mix,0,49,189,189
mja,4840,1828,786,1388
mjh,4984,4574,800,1487
mju,4240,555,868,1324
mkf,4892,4334,829,1457
mkx,4861,271,386,1040
mlb,4576,432,799,1420
mlf,3106,362,851,1436
mll,4761,1632,581,1457
mms,4741,1313,779,1473
mna,4896,3305,781,1494
mnb,4260,152,1148,1371
mnc,4961,3287,740,1495
mni,4991,2094,789,1482
mod,92739987,3929,734,1471
mog,4946,4020,767,1486
mol,4838,3075,679,1483
mos,4934,969,668,1466
mot,4916,2594,742,1489
mpc,3872,239,601,1062
mpq,4754,3850,688,1469
mpw,4993,4769,751,1473
mqf,4938,4478,865,1484
mrk,4911,4621,776,1474
mrm,4659,315,699,1467
mrn,4714,3498,736,1475
mrx,4958,3928,779,1480
mse,4978,2697,803,1466
mth,4876,2061,817,1499
mtw,4898,334,618,1131
mtx,4638,441,886,1251
mvi,4930,2813,698,1467
mvv,4942,3726,681,1485
mwx,4777,2182,723,1478
mxb,4914,4002,721,1475
mxe,4968,3668,835,1489
mxw,4948,636,593,1119
mzb,4877,4166,747,1488
mzl,4892,2861,679,1496
mzu,4995,2798,644,1480
nab,4791,2112,828,1443
nae,4994,2552,715,1484
nai,4926,4344,771,1477
naw,4956,2668,821,1469
naz,4985,2439,711,1437
nbg,4792,1369,742,1473
nbh,4772,1022,759,1375
nbr,4993,707,643,1374
nck,4902,4337,775,1487
nda,0,71,7,7
ndb,4932,1865,805,1484
nds,4991,4659,742,1495
ndy,4839,1320,810,1495
nep,4988,4080,807,1498
ney,4896,5330,737,1496
nfj,2680,189,994,1459
nfw,4949,2564,781,1477
ngj,3778,463,817,1401
nhb,55597470,5733,791,1496
nhh,4863,5283,752,1478
nhv,4586,901,592,1466
niy,4281,490,1000,1398
nje,4944,389,1195,1497
nji,4885,2534,867,1481
njk,4967,2215,728,1475
njm,4967,1192,721,1407
njr,1628,29,116,168
njw,3769,393,931,1468
njx,4978,2240,845,1485
nkf,4975,4833,750,1489
nkn,4998,4559,727,1498
nlb,4823,1659,737,1484
nlc,4830,2318,790,1489
nmf,4855,2999,814,1495
nni,4860,3152,829,1495
nnq,4952,3912,675,1495
nnv,4806,3255,724,1495
noa,4982,5441,771,1494
nox,4998,2078,725,1482
npf,4777,911,805,1491
npw,4990,4090,786,1464
nqo,4876,4517,811,1490
nqq,4928,2209,649,1482
nqr,4096,317,952,1448
nqz,53485734,4784,730,1482
nrc,4872,3550,858,1497
nrn,4927,3673,792,1489
nro,0,16,1020,1020
nsv,4968,3853,716,1493
nsz,4732,2601,776,1464
nug,4992,4366,759,1467
num,4985,2641,588,1480
nuq,4966,3793,749,1435
nva,4864,2192,845,1495
nvc,4708,526,753,1385
nvi,4790,2862,779,1493
nwk,4871,4176,768,1485
nwt,4805,1498,804,1492
nxl,4952,3812,711,1487
nxz,4991,1975,782,1471
nzj,4924,2843,730,1490
nzr,4825,2852,864,1500
nzs,4273,163,750,1303
nzw,4892,3338,733,1499
oaa,4708,674,683,1449
oai,4689,2995,799,1472
oaj,4772,2092,792,1493
oat,4808,1410,782,1444
obd,4866,4037,756,1498
obz,4874,2120,821,1484
ocs,4971,2264,692,1371
odd,4414,488,822,1416
odi,4771,2234,752,1472
oea,4821,2529,739,1499
oed,4918,4048,767,1436
oem,4930,456,376,757
oew,4976,4483,804,1499
ofa,4806,1959,773,1486
ofc,20304663,5902,806,1489
off,4981,2454,835,1467
ogg,4947,1573,803,1472
ohf,4876,2467,822,1498
oho,4995,4707,700,1487
ohz,4770,1956,761,1476
oif,4924,1038,749,1494
oit,3243,303,905,1134
oiz,4846,4493,730,1498
ojg,4969,2256,799,1491
ojn,4681,1610,822,1480
ojr,4921,4244,714,1471
ojs,45915106,5989,777,1494
oju,4798,2634,816,1495
ojx,4971,3821,807,1460
ojz,4882,904,878,1442
okf,4988,1233,524,1344
okn,4890,2285,789,1500
oks,4791,713,828,1496
okt,4989,1845,847,1497
okv,4745,3158,827,1490
okw,4731,2336,721,1495
ole,4765,1077,848,1479
olg,41139590,3575,802,1448
ome,4990,4541,815,1499
omf,228581829,5294,719,1480
oml,4955,2474,776,1455
omr,4775,1355,750,1460
omu,4918,4334,882,1488
onh,4993,1148,829,1500
ono,4460,1189,761,1343
onx,4988,1175,914,1493
opc,4960,2932,758,1473
opr,4806,4051,664,1478
opv,4951,1386,746,1447
opz,4940,1644,595,1294
orb,4977,3995,663,1469
org,4814,2007,853,1500
ori,4966,2450,692,1476
oro,4756,5105,840,1491
ory,4881,1007,720,1299
orz,4986,4013,741,1496
osd,4811,3485,770,1472
osl,4946,4440,737,1487
otb,4968,3475,700,1447
otc,4801,1398,712,1419
otk,4841,2032,718,1485
oug,4997,4429,745,1490
ouo,3350,97,534,978
ouu,4977,428,776,1478
owd,4838,3793,712,1493
owi,4953,1478,742,1398
owp,4709,657,883,1473
owz,3449,115,993,1156
oxj,4900,3207,857,1495
oxm,4980,4155,782,1500
oxp,4960,3540,791,1491
oxr,4816,1138,719,1478
oxu,4959,1105,726,1448
oys,4902,3250,740,1495
oyy,4992,4935,659,1498
ozt,4966,3009,728,1478
pag,4961,2143,682,1463
paj,27004782,6387,849,1498
par,4964,4515,737,1487
pax,4859,940,633,1485
pbf,4934,3306,733,1491
pbj,4995,1951,749,1437
pbm,4912,4274,709,1488
pbp,4993,3440,808,1445
pbq,4844,2637,757,1483
pbw,4919,3948,730,1406
pca,4998,4189,675,1456
pcf,4993,1697,757,1490
pcl,4969,2525,729,1426
pde,4780,348,638,1337
pdk,4962,4104,763,1496
pdu,4992,1820,605,1287
pdv,18416791,5606,826,1487
pez,4939,5161,714,1498
pfb,4899,2134,882,1474
pfi,4946,1723,642,1311
pfp,4983,3334,791,1482
pgq,4898,3399,731,1495
pgs,4979,5041,770,1489
phk,4639,1746,765,1460
phs,4960,2013,763,1492
pht,4995,3683,771,1500
phz,4883,3252,729,1491
pie,4926,4107,724,1469
pij,4972,1467,752,1294
pin,4895,4265,769,1481
piv,4271,446,790,1372
pja,4546,4431,666,1488
pjf,4935,4236,780,1495
pjh,4980,3705,780,1493
pjm,4716,658,737,1479
pjt,4886,5018,711,1402
pju,4970,3906,642,1486
pkr,4407,602,683,1236
pks,4838,5268,705,1488
pln,4999,712,525,1481
plp,4828,3066,742,1471
plx,4721,4021,779,1467
ply,4927,3354,743,1462
pmj,4977,4079,809,1480
pmn,4875,2671,831,1500
pnt,4975,4092,728,1492
pny,4956,3514,847,1453
poc,4500,1349,986,1443
poe,4941,1186,838,1442
pok,4959,3846,621,1464
poo,4987,3962,761,1465
poy,4945,2951,782,1487
ppn,4954,3110,798,1486
ppq,4444,482,823,1494
pps,4853,1988,767,1498
pqa,4985,3673,788,1484
pqi,4951,3361,736,1477
pqq,4662,650,679,1479
pqs,4999,1385,593,1425
pqt,4984,1013,603,1326
prc,4936,4430,832,1492
prt,4972,3822,677,1496
psk,4988,4556,685,1500
pso,4790,194,705,1245
pss,4758,1749,815,1479
pst,4970,957,539,1394
psw,4827,2317,767,1487
pta,4861,846,653,1482
ptq,4938,2599,706,1497
puh,4901,2152,725,1462
puy,4819,1767,771,1369
pvs,4923,2869,674,1487
pwa,4740,605,535,1064
pwe,8880767,8101,731,1499
pwm,4929,2609,766,1496
pwq,4935,3300,718,1494
pxd,4919,4319,670,1494
pxn,4953,3579,688,1499
pya,4797,160,567,1069
pyb,4933,4418,761,1484
pyc,4964,3084,757,1498
pyv,4963,4056,689,1499
pzd,4985,5306,824,1490
pzh,4829,3909,688,1470
pzk,4767,860,576,1292
pzx,4994,4875,783,1458
pzz,4929,3657,688,1472
qaq,4042,205,832,1432
qbh,4719,2280,757,1437
qbt,4972,4624,737,1448
qcb,4752,4524,700,1497
qcg,4342,730,852,1454
qcm,0,98,983,983
qen,4929,1470,673,1489
qeo,4887,2902,784,1481
qet,4973,3055,821,1497
qey,4878,2405,889,1429
qfa,4905,1554,774,1486
qfc,4952,2519,868,1481
qgh,4946,4237,825,1498
qgq,4976,4269,753,1487
qhd,199170840,7953,744,1495
qhf,4935,5007,757,1499
qhg,53160883,4088,736,1484
qhl,4849,3529,616,1476
qhx,4782,1117,666,1439
qir,4991,4735,723,1496
qjn,4211,1174,852,1476
qjr,4915,4345,749,1481
qjx,4853,3026,720,1445
qkc,4973,4713,709,1471
qkg,4922,4116,813,1499
qki,4959,547,884,1453
qkm,4999,5093,784,1495
qkp,4669,2056,861,1494
qld,3973,1057,856,1414
qlm,4981,4576,689,1499
qlv,4978,1148,779,1442
qml,4273,1054,886,1446
qmo,4955,3198,596,1419
qmv,4878,3608,701,1448
qmw,4945,2365,902,1493
qmy,4946,4368,712,1497
qne,0,92,326,326
qni,4787,2507,836,1484
qoa,4937,3584,770,1500
qod,4590,1874,853,1469
qor,4990,5198,733,1477
qpn,4757,905,835,1452
qpw,4937,537,930,1451
qrb,4910,3592,773,1497
qrj,4818,1541,711,1434
qsa,4914,4233,673,1496
qtw,4823,4562,731,1491
qug,121045416,8576,755,1484
qui,4958,2163,740,1415
qun,4978,4327,755,1493
quu,4768,1202,750,1374
qvk,4990,1328,771,1270
qwc,4936,4086,716,1454
qwk,4995,3968,718,1463
qwx,4890,4198,711,1475
qxc,4996,2341,697,1486
qxg,4971,3817,742,1454
qxy,3928,923,920,1495
qya,4854,4038,735,1469
qyv,4878,3357,729,1500
qyw,4593,478,770,1406
qze,4999,2187,702,1465
qzf,4945,3311,805,1494
qzi,4759,3144,657,1473
qzp,4908,840,724,1442
qzu,4879,3920,757,1460
rao,4796,1318,743,1461
rav,4967,4490,700,1473
rba,12098276,5954,777,1497
rbb,4976,2317,792,1483
rbl,4784,3906,726,1500
rbs,4993,2566,659,1468
rci,4877,3877,679,1487
rck,1571,318,817,1311
rcx,3264,213,762,1406
ret,4973,3833,741,1458
rey,4829,146,1425,1494
rfu,4125,47,413,420
rfx,4775,2648,823,1467
rfz,4974,768,739,1364
rgf,11427112,2219,770,1490
rhc,4967,2086,757,1420
rhp,4941,2569,838,1447
rhr,4997,2891,826,1500
rht,4945,4813,732,1498
rja,4737,382,809,1297
rjh,4985,3457,828,1498
rjq,4964,906,628,1497
rjz,3816,337,771,1394
rko,4843,811,823,1375
rkr,4941,2446,817,1489
rla,4802,706,967,1472
rlb,4976,3857,731,1497
rlg,4996,3287,692,1438
rlm,4943,3010,676,1476
rly,4927,1560,719,1460
rna,4842,1126,776,1450
rnl,4948,1868,824,1428
rnm,4999,4190,773,1480
rno,4427,713,799,1492
rnq,4947,1961,744,1398
rnu,4602,1614,597,1458
rod,4945,825,814,1412
rop,4976,2498,714,1463
rox,4958,3219,727,1469
rpg,4996,2174,883,1466
rpi,4808,1149,898,1500
rpp,4947,4241,644,1499
rqo,4991,4013,734,1475
rqw,4978,3667,870,1492
rqy,4978,3493,769,1467
rqz,4798,1661,705,1447
rrh,4614,3176,769,1491
rrw,4790,388,431,1359
rsm,4998,2094,845,1485
rsp,4983,3893,761,1450
rsq,4889,831,798,1479
rsr,4392,921,594,1370
rsx,4891,2603,913,1488
rta,3199,165,915,1254
rtc,4947,634,798,1229
rti,4872,4022,701,1490
rtm,4801,3333,794,1490
rtv,4965,3737,680,1443
rtw,4634,3123,767,1475
ruf,4875,2477,634,1494
ruk,4989,2365,849,1462
rvp,4998,3130,853,1471
rvt,18342894,7147,713,1490
rwo,4052,592,706,1255
rwq,4827,2676,785,1486
rwr,4970,2473,679,1467
rxl,4926,3902,760,1497
ryk,4884,2218,816,1493
ryv,4915,2207,587,1412
ryy,4994,3915,729,1487
sas,4627,2056,653,1491
saz,4983,3691,725,1480
sba,4895,1257,796,1431
sbb,4956,2757,707,1500
scg,4969,1993,732,1485
sch,4648,519,851,1449
sck,4418,1249,707,1495
scm,4826,1688,632,1473
scu,4901,951,829,1476
sdb,4165,215,693,1031
sdd,4979,3753,849,1473
sef,326699,4526,707,1497
set,119495112,6200,757,1499
sgx,4969,2184,761,1481
she,4896,3142,711,1500
shk,4806,1506,845,1488
siw,4986,3497,801,1481
siy,4920,1294,827,1490
sjl,4762,3333,706,1448
sjv,4821,1935,765,1495
sko,2685263,3582,788,1470
skp,99915925,6196,684,1480
sky,4983,4069,805,1500
slc,4521,705,706,1289
sld,4986,2421,784,1495
slh,4439,852,771,1435
sli,4886,4181,684,1495
sls,4895,2640,690,1401
sma,3147,149,1052,1494
sme,4962,3280,736,1425
smr,42685748,4479,725,1498
smt,4904,2541,832,1478
smy,140987322,3054,780,1496
smz,4909,1762,608,1443
snt,4685,423,944,1318
sob,4642,730,693,1283
soe,42016827,2296,747,1439
sof,4960,3265,683,1464
som,4890,1318,767,1426
sot,4876,3377,721,1437
sov,4853,1018,664,1254
spd,4994,830,793,1486
spv,4920,4106,727,1491
spz,26021589,6631,643,1500
sqj,4948,2368,782,1437
sqt,4890,2980,616,1440
srp,3279,81,612,842
srq,4927,3195,777,1490
sua,85907327,2648,676,1492
svj,4937,631,682,1491
svk,4998,2795,762,1398
svo,4854,2240,617,1431
swg,4505,507,865,1428
swj,4986,2141,681,1445
swr,4308,1197,858,1430
sws,4980,5227,753,1491
sxc,4013,319,1086,1488
sxg,4944,3763,800,1496
sxk,4920,4216,775,1481
sxm,4671,911,862,1472
sxu,4990,3490,877,1483
syp,4984,659,593,1472
sys,4429,927,537,1348
syw,4971,3364,824,1478
syx,4891,3826,641,1470
szc,4845,2099,702,1500
szw,4975,1854,848,1463
szz,4908,1431,621,1491
tah,4810,839,736,1497
tas,4747,2385,763,1496
tbi,4351,619,803,1439
tbn,4990,1218,660,1496
tbt,4949,1462,654,1474
tct,4955,4315,816,1478
tcu,4702,914,625,1417
tcw,4956,4658,724,1496
tcx,4969,1830,699,1479
tdh,4992,2009,734,1500
tdp,4907,1256,798,1496
tes,4929,4666,745,1468
tet,1499,216,1230,1424
tew,4923,2842,734,1446
tfc,4905,4377,693,1482
tha,4852,438,896,1400
thj,4964,4593,731,1465
thq,0,59,611,611
thu,4976,4649,839,1493
thw,4975,4287,667,1499
tis,4989,2599,795,1483
tjz,4799,1071,740,1494
tky,4990,503,846,1459
tml,4977,5255,733,1491
tmr,4892,3328,619,1498
tmw,4990,4093,745,1469
tmx,4361,593,580,1112
tng,4916,2593,636,1459
tnx,4964,3633,701,1480
too,4993,2576,765,1475
tor,4831,1577,830,1499
tpb,4934,1944,830,1475
tph,4972,2541,802,1440
tqt,4747,978,780,1444
trc,4954,1813,704,1448
tri,4765,2034,757,1478
trn,142171901,2441,874,1491
tru,145117472,6710,776,1494
trz,4906,3731,720,1480
tsl,4949,4255,778,1487
tsp,4935,608,963,1465
ttg,75334010,7880,747,1494
tur,4824,781,845,1491
tvh,203915017,5648,768,1495
tvt,4842,1124,590,1369
twn,4998,3134,708,1497
txn,4933,2454,688,1482
txo,4108,326,834,1386
tya,4697,792,530,1445
tyd,4669,129,861,1221
tye,4975,1819,794,1443
tyv,4824,2650,769,1494
tzd,3581,288,597,1063
uae,124216980,1080,790,1389
uaz,4981,2951,845,1495
ubl,4289,61,1042,1463
ubp,108700285,4567,742,1499
ubs,4881,1159,772,1446
ubt,4990,1776,735,1485
ubz,4982,1267,671,1412
uci,4977,5087,731,1494
ucm,4903,2957,760,1499
ucx,4448,399,961,1393
udf,4951,2024,761,1491
udh,4984,3138,813,1469
udo,4856,4664,770,1478
udq,4926,2271,892,1500
uds,4981,4869,819,1494
udy,4987,2254,803,1480
uek,4917,3059,656,1466
uem,36580477,4843,758,1498
uen,4991,4190,730,1457
uer,4855,1482,724,1382
uet,4959,3750,802,1492
ufh,4776,3547,907,1487
ufl,4916,3754,696,1451
ufu,4867,5404,764,1496
ugp,4918,3106,721,1462
ugu,4973,4578,729,1417
uhs,4968,2744,833,1479
uia,4813,2670,759,1491
uif,3413,634,534,1269
uij,4335,302,781,1403
uip,4960,4864,742,1496
ujn,4899,4346,741,1488
ujs,4862,1080,643,1423
ujx,4992,1507,764,1486
uky,4994,3789,768,1481
ulh,4598,1284,616,1477
ulp,1244,156,667,784
uls,3586,540,617,1330
ulv,4890,3550,699,1442
umd,4889,2210,641,1480
umz,4916,4804,623,1490
uob,4997,4195,686,1499
uoq,4895,4798,819,1479
upy,4990,2542,745,1478
uqt,4895,3323,794,1499
uqz,4887,3934,690,1489
urg,4703,1695,887,1500
url,3755,561,844,1426
uro,4943,3664,834,1495
utq,4573,878,692,1430
utt,4939,3106,812,1449
uuh,4957,3147,771,1495
uuj,4973,2941,824,1458
uul,4082,400,620,1479
uur,4934,4511,782,1482
uvf,4950,3532,819,1473
uvh,4999,2229,783,1486
uvw,2420,156,335,378
uwp,4946,1245,888,1432
uwv,4974,3045,776,1487
uxa,4750,2708,699,1473
uxo,4976,3980,751,1489
uxv,4964,2845,774,1468
uyk,4901,2669,618,1500
uyt,4923,3292,730,1495
uzv,4929,2860,701,1467
vad,0,89,193,193
vaz,4987,3493,740,1434
vbp,4925,4077,819,1478
vbv,4897,343,549,1411
vcl,4851,2627,641,1352
vcp,4971,767,731,1467
vct,4855,1412,918,1475
vcw,4822,467,705,1096
vcy,4961,2481,759,1478
vdd,4857,3664,804,1457
vdl,4917,2990,758,1500
vdt,4963,1560,723,1492
vei,3394990,4689,746,1465
veo,4436,1006,729,1406
vfm,4855,2574,749,1500
vfo,4980,2355,748,1485
vgh,4952,3073,699,1496
vgk,43546741,4768,832,1498
vhk,4917,2945,693,1474
vif,183471567,3642,725,1491
vim,98124843,8919,742,1497
vio,4974,1631,862,1378
vjp,4959,3049,728,1453
vjr,4953,2744,661,1489
vjs,4916,4375,779,1495
vjv,4939,4114,691,1470
vjz,3565,148,673,914
vks,660,175,953,1455
vku,4981,2660,774,1460
vlr,4990,790,621,1497
vlx,4929,1260,690,1376
vly,4996,929,884,1460
vmb,4946,5475,840,1488
vmc,4992,3625,712,1496
vnh,174014374,7091,702,1467
vnl,4929,1667,791,1491
vnn,4953,5031,763,1488
voe,4933,3653,782,1497
voj,4598,2133,645,1450
voq,4652,1500,733,1467
vor,4583,488,1130,1468
vpw,138332155,776,770,1489
vqi,4894,3735,751,1499
vqm,4962,4075,701,1473
vqt,4991,3583,811,1495
vqu,4686,1053,855,1423
vra,4917,2503,734,1478
vro,4996,4791,683,1445
vrr,4854,3728,708,1495
vrs,4771,445,589,1131
vss,4902,4581,830,1467
vsz,4888,1603,799,1424
vtf,4997,4009,603,1481
vtq,4922,3332,832,1401
vtz,4991,1611,831,1499
vub,4998,4649,853,1458
vuh,4832,510,614,1443
vum,4961,1656,703,1466
vup,4888,1985,665,1488
vve,4994,2840,820,1438
vvk,4753,170,484,1143
vvm,4977,1874,832,1472
vvp,4414,1022,838,1484
vvv,35804068,4760,803,1484
vvy,4651,1941,793,1439
vwb,4905,3479,615,1486
vwi,4984,3646,788,1500
vwr,4992,3524,714,1498
vwu,4987,4257,729,1493
vwy,4940,3466,685,1411
vxb,4061,830,698,1329
vxj,4899,3920,729,1473
vyr,4851,3607,861,1483
vzp,99174612,7676,777,1497
wbb,4934,3247,702,1495
wbc,4822,1583,716,1434
wbd,4961,5430,729,1495
wbo,4911,4247,795,1486
wbr,4882,2722,593,1472
wcg,1795,181,968,1442
wcy,4671,309,730,1376
wea,4992,4322,818,1488
wfc,4253,1690,730,1485
wfd,4950,3847,711,1499
wfv,4970,3910,757,1472
wfw,4980,3971,754,1490
wfz,4938,2897,822,1496
wgb,4999,4418,739,1494
wgk,4705,937,611,1497
wgl,4787,749,967,1390
wgq,4905,3395,748,1492
whb,4963,3305,821,1491
whc,4994,2158,701,1429
whe,4972,1408,755,1500
whj,4842,2176,857,1476
whk,4679,1932,716,1483
whv,4997,4800,814,1489
wjm,148398959,5852,761,1477
wjq,4973,2662,686,1481
wkj,4904,1149,858,1498
wkp,4996,3420,706,1431
wkv,4267,699,952,1380
wkx,4182,904,882,1483
wlc,4946,4504,754,1470
wll,4960,931,665,1458
wml,4997,1604,714,1372
wmn,4853,1956,739,1500
wmx,4989,2867,772,1498
wmz,4951,4912,763,1496
wnb,4970,298,712,911
wnq,4506,177,730,901
wnw,4897,1755,658,1494
woj,61836098,1052,678,1484
wok,4977,834,670,1225
wqg,4944,2984,862,1486
wqj,119441668,5493,734,1465
wrf,4999,3218,721,1493
wru,4842,236,813,1471
wrx,4970,3927,721,1454
wsu,4946,3979,702,1500
wth,4967,1007,644,1492
wty,23248160,4639,869,1485
wuf,4838,3251,718,1499
wus,4058,223,551,1013
wut,4839,1879,811,1468
wuw,4978,3445,711,1500
wvn,870,97,1152,1190
wvp,4815,2839,730,1492
wwg,4850,2600,755,1447
wxx,4756,1040,795,1489
wxy,4960,1483,724,1350
wyg,4907,3543,666,1467
wyo,4753,3837,722,1477
wyt,4941,2475,819,1472
wyw,4902,4207,764,1485
wzg,4965,4030,724,1493
wzl,4849,3534,712,1485
wzn,4671,3193,764,1491
xae,4875,3074,835,1447
xas,4548,306,581,1315
xax,205632878,3495,743,1488
xbb,4988,4769,824,1496
xbh,4760,2939,688,1485
xbs,4947,4078,840,1483
xbw,4774,904,588,1486
xbx,4845,834,794,1379
xca,4996,4027,684,1498
xck,4925,3400,748,1465
xcr,4610,2045,756,1495
xdc,4483,2039,799,1470
xdf,4858,4465,698,1491
xej,4487,1778,625,1375
xeo,4916,3031,739,1481
xfa,4921,5148,909,1490
xfc,4743,471,839,1339
xfi,4745,574,645,1389
xgj,4897,1597,631,1404
xhf,4781,1008,691,1493
xhh,4923,754,763,1388
xhp,4844,3774,790,1483
xhs,4866,1565,804,1486
xhw,4977,5045,857,1498
xij,4973,5442,761,1498
xiv,4950,2966,827,1481
xiw,4545,189,971,1368
xja,3841,189,446,531
xjj,4996,4538,642,1498
xju,4704,2715,752,1475
xjv,4998,2041,676,1493
xkb,4988,4359,748,1480
xkh,4951,4706,795,1488
xkj,113876301,6456,784,1481
xku,4607,648,767,1358
xld,4945,2961,751,1449
xlg,4990,3460,761,1475
xlr,4988,3791,757,1500
xlt,4828,4465,679,1491
xmm,4855,4445,779,1490
xnb,4945,4091,842,1493
xnl,0,54,304,304
xnt,4931,816,743,1459
xnw,4993,2521,696,1463
xnx,4976,3848,828,1492
xob,4953,4146,698,1494
xod,4938,1298,848,1455
xof,4967,3645,757,1499
xoo,4948,3161,832,1488
xqh,35904171,6222,809,1468
xqk,4908,4972,830,1488
xqt,4566,1342,722,1489
xrb,4330,882,772,1468
xri,4977,3821,746,1497
xrq,4996,3011,822,1488
xrx,4667,3329,733,1462
xsa,4345,679,874,1500
xse,4795,2481,759,1484
xsg,4986,5174,684,1497
xsh,4989,1209,722,1500
xsi,4992,1358,661,1449
xsn,4920,4967,777,1500
xsq,4973,3891,664,1470
xsv,4996,3496,790,1451
xtw,4983,3785,796,1487
xtx,4959,2643,795,1498
xun,4914,2999,765,1492
xve,4929,2707,719,1461
xvh,4155,464,963,1473
xwb,4902,1922,767,1470
xwj,4889,3817,708,1498
xxj,4632,1399,911,1489
xxo,4431,510,696,1483
xyk,4519,1075,939,1441
xyq,4893,5133,819,1482
xzf,4984,2653,920,1463
xzl,4949,4619,695,1459
xzy,4997,1847,696,1413
yan,4992,4538,776,1489
ybs,4996,4120,690,1493
yby,4899,3819,790,1477
ycj,4844,3238,652,1487
yco,4943,1088,849,1474
ycs,3844,248,573,751
ycu,4954,5087,865,1499
ycz,47179139,9172,763,1489
ydb,4998,2241,811,1447
ydd,4930,4917,726,1462
ydf,4851,669,552,1432
ydp,4740,2159,644,1490
ydz,4942,1766,800,1482
yea,4734,1085,532,1460
yed,4913,2782,791,1496
yep,4949,3142,728,1482
yew,4926,2973,686,1440
yey,0,33,1327,1327
yfb,4882,2868,821,1500
yfp,4391,97,943,1268
yfs,4978,1636,620,1406
yfw,4970,1529,818,1499
yfy,4991,3324,647,1464
ygf,4608,1711,688,1409
yhv,49098250,7429,770,1490
yib,4937,1253,688,1477
yii,4956,2133,752,1457
yiv,4968,527,765,1335
yjl,4906,3227,660,1465
yjo,4977,2644,743,1416
yjr,4866,3879,809,1477
yjw,4988,4069,733,1496
yjx,106285782,4836,784,1495
ykc,4990,4755,797,1499
ykp,4858,2774,796,1496
ykz,4781,1669,807,1492
ylo,4942,4992,763,1489
yls,4982,4106,796,1500
ylz,4996,3195,758,1498
ymb,4917,3476,711,1496
ymu,19693402,5304,725,1497
ynb,4826,828,629,1419
ynx,4934,3811,739,1492
yoj,4995,3200,654,1407
ypd,4983,2661,747,1500
ypq,4531,1174,802,1343
ypw,4645,661,785,1483
yqz,4837,3060,733,1476
yrd,4641,2373,721,1495
yro,4947,4810,768,1498
yrq,4922,3458,817,1489
yrv,4759,2886,796,1497
yrz,4971,1551,707,1434
ysl,4965,2510,745,1493
yss,4962,4164,747,1499
ysu,4969,4446,751,1471
ysx,4910,2403,812,1481
yta,4976,2865,701,1488
ytq,4945,4494,704,1471
yug,4931,2721,806,1496
yuh,4995,3943,704,1493
yul,4800,2088,833,1470
yuw,4979,3960,746,1496
yvd,4021,262,711,807
yvf,4915,2058,721,1485
ywl,4840,1824,723,1450
ywo,60688038,5765,714,1494
ywu,4909,4249,775,1493
yxb,4956,2975,661,1451
yxc,4402,770,877,1456
yyb,4857,3329,701,1492
yyh,4985,3787,704,1487
yyr,42251421,5355,721,1498
yze,4949,3964,725,1491
yzm,4849,568,564,1433
yzr,4902,3529,715,1443
zad,4947,1827,842,1492
zag,4995,2559,742,1494
zak,4739,2122,809,1451
zay,128774982,6059,711,1450
zbg,4957,4231,720,1496
zbk,4856,3534,704,1499
zcc,4994,2279,768,1438
zch,4531,1494,880,1490
zcq,4734,911,907,1331
zct,4854,3439,841,1486
zcu,4546,1334,780,1426
zeh,4537,2049,765,1392
zer,4969,5058,819,1494
zfd,4898,820,790,1448
zgn,4721,1577,704,1471
zgx,4020,122,878,1136
zhs,4967,1038,849,1496
zhu,4891,1640,709,1479
zib,4956,3831,813,1480
zie,35143829,4816,718,1460
zim,4859,3109,682,1500
zip,4849,513,815,1367
ziy,4942,4643,782,1490
ziz,4969,4965,875,1495
zjk,4951,4096,799,1488
zjr,4902,4628,680,1464
zka,4860,912,879,1423
zkk,2693,194,417,519
zlb,4749,3122,671,1457
zml,4993,3711,719,1460
zmr,4876,3285,820,1494
znh,4922,501,662,1363
znp,4980,5038,705,1485
znt,4975,4875,824,1487
zob,4849,1224,706,1467
zoc,4806,738,790,1289
zoe,4988,3752,693,1489
zon,4653,1879,685,1497
zos,4950,4456,681,1495
zpg,4925,3983,788,1475
zpj,4995,2493,755,1493
zpp,4617,2004,820,1484
zpx,4923,3236,771,1469
zqd,4735,863,556,1193
zql,4957,4278,755,1482
zrf,4870,4949,727,1489
zrj,4929,4270,868,1470
zrm,4968,4457,725,1466
zst,4980,235,952,1334
zsw,88433168,2621,718,1488
zsx,4614,547,656,1212
zsz,4844,4643,708,1489
zth,0,74,459,459
ztj,4361,582,944,1469
ztl,4965,3699,855,1498
ztq,4945,1351,654,1400
ztw,4030,228,818,1286
ztx,4927,1703,537,1461
zue,4950,4819,752,1499
zug,4945,3905,814,1457
zul,4778,339,778,1261
zvx,4947,1731,828,1378
zwv,1679,122,1267,1296
zxe,4813,827,542,1490
zxf,4990,1736,666,1454
zxi,116015609,5083,637,1497
zxo,4792,2950,628,1491
zxs,4985,3272,858,1490
zxw,4918,2509,741,1444
zxy,4941,2475,741,1499
zxz,4797,2170,957,1499
zyd,4962,4965,728,1479
zyh,4910,5030,700,1489
zyk,4989,1767,949,1490
zzf,4926,2509,831,1500
zzw,4877,3466,718,1499
zzz,4989,3268,666,1455
